actor_id,film_id
1,1
10,1
20,1
30,1
40,1
53,1
108,1
162,1
188,1
198,1
19,2
85,2
90,2
160,2
2,3
19,3
24,3
64,3
123,3
41,4
81,4
88,4
147,4
162,4
51,5
59,5
103,5
181,5
200,5
21,6
23,6
62,6
108,6
137,6
169,6
197,6
99,7
133,7
162,7
170,7
185,7
55,8
96,8
110,8
138,8
10,9
22,9
26,9
53,9
68,9
108,9
130,9
175,9
194,9
29,10
35,10
37,10
64,10
117,10
142,10
157,10
188,10
40,11
81,11
90,11
174,11
37,12
75,12
105,12
109,12
146,12
177,12
180,12
77,13
91,13
94,13
114,13
176,13
28,14
85,14
137,14
188,14
36,15
69,15
105,15
117,15
164,15
170,15
12,16
57,16
146,16
191,16
192,16
3,17
12,17
13,17
82,17
100,17
160,17
167,17
187,17
45,18
142,18
144,18
162,18
5,19
27,19
37,19
43,19
84,19
104,19
52,20
102,20
136,20
139,20
155,20
159,20
25,21
26,21
105,21
119,21
126,21
77,22
95,22
122,22
124,22
1,23
4,23
22,23
150,23
164,23
38,24
42,24
67,24
157,24
179,24
1,25
4,25
7,25
47,25
91,25
136,25
166,25
167,25
187,25
71,26
128,26
130,26
7,27
55,27
99,27
110,27
140,27
148,27
154,27
170,27
179,27
74,28
162,28
6,29
13,29
105,29
122,29
175,29
187,29
197,29
9,30
163,30
178,30
2,31
15,31
49,31
60,31
79,32
158,32
162,32
168,32
183,32
79,33
82,33
136,33
146,33
162,33
170,33
180,33
182,33
12,34
26,34
27,34
40,34
57,34
72,34
75,34
102,34
112,34
126,34
157,34
178,34
7,35
35,35
95,35
113,35
118,35
135,35
139,35
184,35
47,36
73,36
96,36
116,36
127,36
12,37
64,37
112,37
130,37
46,38
166,38
190,38
65,39
84,39
104,39
118,39
145,39
177,39
191,39
3,40
77,40
79,40
96,40
104,40
181,40
183,40
118,41
135,41
162,41
3,42
23,42
43,42
62,42
105,42
117,42
194,42
28,43
34,43
123,43
126,43
130,43
141,43
160,43
161,43
189,43
18,44
74,44
106,44
193,44
13,45
68,45
73,45
163,45
59,46
65,46
84,46
2,47
8,47
89,47
95,47
127,47
143,47
153,47
158,47
58,48
87,48
91,48
109,48
116,48
127,48
131,48
83,49
115,49
118,49
119,49
130,49
171,49
173,49
200,49
70,50
46,51
53,51
73,51
133,51
187,51
188,51
35,52
71,52
83,52
95,52
115,52
138,52
177,52
6,53
30,53
47,53
70,53
102,53
149,53
156,53
5,54
20,54
59,54
62,54
96,54
190,54
66,55
118,55
166,55
173,55
177,55
4,56
22,56
33,56
43,56
129,56
136,56
137,56
168,56
67,57
120,57
130,57
139,57
148,57
172,57
28,58
44,58
53,58
83,58
96,58
126,58
161,58
81,59
104,59
152,59
6,60
41,60
76,60
94,60
101,60
111,61
136,61
138,61
166,61
174,61
4,62
107,62
110,62
125,62
190,62
20,63
51,63
56,63
120,63
150,63
167,63
197,63
30,64
119,64
124,64
153,64
158,64
196,64
32,65
45,65
95,65
135,65
179,65
45,66
76,66
96,66
98,66
101,66
131,66
158,66
7,67
47,67
67,67
123,67
141,67
144,67
155,67
175,67
194,67
199,67
58,68
76,68
114,68
166,68
30,69
41,69
80,69
192,69
6,70
104,70
39,71
93,71
183,71
59,72
85,72
98,72
149,72
165,72
167,72
39,73
63,73
77,73
176,73
187,73
9,74
28,74
95,74
139,74
173,74
181,74
55,75
150,75
88,76
94,76
122,76
187,76
30,77
73,77
109,77
140,77
23,78
77,78
111,78
169,78
181,78
4,79
29,79
127,79
143,79
144,79
16,80
173,80
193,80
200,80
36,81
98,81
132,81
128,82
132,82
159,82
189,82
24,83
106,83
122,83
181,83
18,84
32,84
44,84
54,84
99,84
113,84
191,84
199,84
5,85
27,85
60,85
85,85
101,85
126,85
147,85
162,85
179,85
25,86
41,86
78,86
166,86
177,86
194,86
3,87
4,87
13,87
16,87
21,87
30,87
56,87
64,87
88,87
98,87
119,87
184,87
190,87
21,88
31,88
44,88
59,88
64,88
69,88
116,88
135,88
194,88
15,89
22,89
43,89
81,89
129,89
161,89
176,89
26,90
34,90
92,90
114,90
116,90
139,90
144,90
161,90
12,91
15,91
12,92
52,92
70,92
85,92
168,92
26,93
169,93
44,94
92,94
131,94
150,94
76,95
149,95
165,95
185,95
186,95
7,96
17,96
28,96
52,96
126,96
137,96
65,97
111,98
125,98
187,98
194,98
48,99
144,99
41,100
62,100
90,100
125,100
172,100
16,101
48,101
57,101
62,101
129,101
158,102
170,102
188,102
26,103
32,103
51,103
89,103
92,103
193,103
82,104
92,104
2,105
23,105
29,105
43,105
116,105
123,105
144,105
150,105
1,106
65,106
124,106
173,106
12,107
28,107
40,107
98,107
130,107
139,107
142,107
167,107
15,108
52,108
106,108
44,109
53,109
145,109
178,109
179,109
193,109
198,109
13,110
29,110
83,110
187,110
3,111
22,111
38,111
50,111
69,111
154,111
188,111
6,112
24,112
32,112
33,112
51,112
107,112
130,112
140,112
124,113
183,113
57,114
125,114
8,115
45,115
168,115
23,116
105,116
113,116
200,116
23,117
45,117
65,117
74,117
89,117
146,117
192,117
11,118
37,118
80,118
100,118
103,118
149,118
17,119
34,119
37,119
58,119
127,119
128,119
193,119
83,120
93,120
98,120
110,120
131,120
145,120
161,120
167,120
16,121
51,121
59,121
83,121
158,121
162,121
200,121
37,122
53,122
57,122
76,122
94,122
157,122
196,122
92,123
102,123
144,123
197,123
17,124
64,124
80,124
93,124
102,124
15,125
23,125
34,125
65,125
138,125
144,125
198,125
24,126
53,126
95,126
106,126
110,126
17,127
144,127
159,127
187,127
40,128
58,128
88,128
116,128
155,128
54,129
59,129
62,129
175,129
195,129
197,129
59,130
103,130
144,130
195,130
29,131
147,131
151,131
179,131
2,132
134,132
29,133
60,133
68,133
107,133
132,133
133,133
148,133
48,134
57,134
63,134
96,134
33,135
58,135
83,135
140,135
144,135
194,135
32,136
104,136
106,136
107,136
118,136
153,136
86,137
92,137
108,137
107,138
185,138
42,139
142,139
147,139
149,139
170,139
1,140
20,140
79,141
118,141
121,141
127,141
143,141
154,141
193,141
195,141
21,142
60,142
66,143
75,143
82,143
97,143
119,143
13,144
18,144
19,144
57,144
67,144
72,144
120,144
151,144
180,144
195,144
2,145
134,145
147,145
199,145
5,146
20,146
22,146
31,146
37,146
101,146
149,146
165,146
166,146
171,146
178,146
184,146
188,146
9,147
26,147
43,147
131,147
197,147
9,148
24,148
73,148
85,148
123,148
164,148
172,148
120,149
148,149
200,149
27,150
41,150
48,150
54,150
176,150
49,151
112,151
118,151
123,151
19,152
181,152
25,153
51,153
57,153
77,153
94,153
149,153
152,153
155,153
13,154
14,154
17,154
33,154
121,154
145,154
173,154
12,155
16,155
139,155
145,155
156,155
175,155
192,155
104,156
110,156
132,156
196,156
87,157
109,157
122,157
127,157
138,157
8,158
65,158
105,158
122,158
154,158
21,159
41,159
149,159
157,159
179,159
199,159
38,160
137,160
178,160
182,160
43,161
68,161
87,161
121,161
134,161
194,161
13,162
89,162
107,162
111,162
114,162
132,162
173,162
176,162
31,163
40,163
86,163
194,163
6,164
24,164
31,164
45,164
48,164
144,164
162,164
178,164
193,164
197,164
6,165
20,165
83,165
107,165
1,166
106,166
122,166
129,166
163,166
171,166
192,166
63,167
117,167
151,167
39,168
128,168
150,168
174,168
187,168
149,169
154,169
164,169
184,169
196,169
7,170
75,170
88,170
121,170
135,170
139,170
151,170
154,170
5,171
36,171
119,171
189,171
5,172
18,172
27,172
29,172
34,172
47,172
107,172
119,172
133,172
7,173
112,173
119,173
190,173
46,174
109,174
58,175
80,175
84,175
125,175
143,175
177,175
38,176
44,176
91,176
12,177
16,177
40,177
60,177
97,177
146,177
158,177
24,178
50,178
81,178
117,178
147,178
149,178
158,178
8,179
21,179
25,179
60,179
111,179
192,179
43,180
153,180
163,180
170,180
53,181
91,181
113,181
139,181
171,181
19,182
34,182
89,182
59,183
98,183
157,183
54,184
104,184
144,184
170,184
3,185
74,185
123,185
140,185
191,185
26,186
60,186
81,186
121,186
142,186
198,186
14,187
45,187
76,187
89,187
159,187
186,187
31,188
82,188
97,188
112,188
114,188
125,188
141,188
149,188
158,188
161,188
168,188
173,188
177,188
101,189
106,189
197,189
91,190
109,190
117,190
124,190
150,190
175,190
9,191
10,191
141,191
146,191
167,191
175,191
57,192
74,192
6,193
88,193
94,193
126,193
136,193
149,193
154,193
179,193
24,194
41,194
81,194
98,194
102,194
106,194
111,194
114,194
126,194
178,194
8,195
49,195
180,195
181,195
86,196
168,196
32,197
55,197
64,197
90,197
97,197
103,197
117,197
146,197
178,197
45,198
62,198
104,198
121,198
156,198
17,199
24,199
32,199
58,199
87,199
103,199
126,199
142,199
9,200
102,200
139,200
17,201
26,201
35,201
5,202
69,202
70,202
127,202
129,202
5,203
13,203
39,203
41,203
52,203
74,203
153,203
9,204
25,204
37,204
106,204
125,204
165,204
8,205
11,205
68,205
79,205
102,205
94,206
103,206
131,206
150,206
159,206
188,206
49,207
66,207
80,207
87,207
92,207
95,207
141,207
146,207
12,208
19,208
63,208
108,208
120,208
130,208
154,208
159,208
168,208
186,208
96,209
107,209
59,210
114,210
133,210
157,210
48,211
62,211
19,212
23,212
41,212
80,212
89,212
90,212
98,212
128,212
170,212
12,213
25,213
57,213
68,213
33,214
136,214
138,214
192,214
68,215
81,215
103,215
158,215
172,215
194,215
12,216
85,216
86,216
144,216
199,216
7,217
19,217
83,217
151,217
152,217
157,217
7,218
16,218
113,218
146,218
32,219
45,219
81,219
108,219
134,219
171,219
191,219
107,220
121,220
155,220
16,221
103,221
184,221
39,222
60,222
75,222
121,222
187,222
38,223
40,223
76,223
123,223
141,223
159,223
188,223
77,224
117,224
137,224
187,224
7,225
26,225
63,225
2,226
23,226
25,226
29,226
56,226
66,226
148,226
70,227
122,227
94,228
144,228
186,228
66,229
92,229
106,229
136,229
139,229
41,230
66,230
79,230
129,230
20,231
36,231
62,231
112,231
120,231
153,231
14,232
81,232
143,232
151,232
194,232
40,233
47,233
71,233
104,233
139,233
150,233
181,233
76,234
88,234
123,234
190,234
23,235
58,235
60,235
61,235
173,235
177,235
10,236
15,236
17,236
56,236
69,236
61,237
72,237
114,237
168,237
177,237
186,237
84,238
120,238
122,238
125,238
128,238
176,238
43,239
60,239
78,239
105,239
107,239
143,239
163,239
77,240
14,241
26,241
38,241
59,241
106,241
158,241
168,241
24,242
44,242
58,242
67,242
79,242
82,242
108,242
160,242
12,243
20,243
50,243
58,243
109,243
134,243
136,243
145,243
197,243
34,244
67,244
96,244
156,244
25,245
36,245
48,245
73,245
77,245
95,245
115,245
123,245
115,246
117,246
123,246
124,246
169,246
82,247
83,247
129,247
161,247
50,248
63,248
142,248
152,248
159,248
169,248
2,249
41,249
52,249
63,249
70,249
72,249
83,249
86,249
113,249
129,249
137,249
155,249
197,249
49,250
87,250
99,250
100,250
101,250
125,250
134,250
179,250
10,251
76,251
147,251
33,252
41,252
164,252
176,252
14,253
21,253
37,253
60,253
87,253
165,253
190,253
13,254
23,254
46,254
58,254
89,254
114,254
137,254
147,254
8,255
14,255
68,255
101,255
120,255
166,255
168,255
6,256
24,256
35,256
53,256
67,256
97,256
126,256
136,256
14,258
57,258
113,258
138,258
140,258
180,258
197,258
28,259
104,259
30,260
37,260
78,260
80,260
81,260
124,260
144,260
77,261
78,261
139,261
30,262
60,262
79,262
80,262
90,262
136,262
139,262
156,262
198,262
8,263
28,263
74,263
83,263
101,263
124,263
126,263
137,263
156,263
198,264
78,265
185,265
19,266
89,266
123,266
139,266
189,266
16,267
48,267
57,267
79,267
81,267
160,267
18,268
53,268
81,268
83,268
102,268
137,268
16,269
20,269
79,269
135,269
161,269
94,270
133,270
150,270
16,271
103,271
136,271
62,272
144,272
189,272
27,273
29,273
44,273
47,273
117,273
171,273
178,273
20,274
38,274
50,274
154,274
162,274
15,275
73,275
94,275
101,275
160,275
43,276
65,276
154,276
196,276
1,277
24,277
37,277
107,277
115,277
63,278
108,278
134,278
146,278
190,278
18,279
83,279
162,279
15,280
16,280
17,280
18,280
64,280
80,280
93,280
105,280
133,280
11,281
21,281
83,281
84,281
109,281
161,281
29,282
49,282
139,282
154,282
11,283
36,283
66,283
105,283
163,283
14,284
121,284
139,284
196,284
53,285
54,285
103,285
150,285
156,285
5,286
30,286
72,286
123,286
127,286
133,286
165,286
181,286
185,286
16,287
28,287
48,287
104,287
5,288
50,288
126,288
136,288
3,289
101,289
124,289
169,289
177,289
188,289
39,290
70,290
82,290
84,290
85,290
22,291
64,291
144,291
157,291
179,291
193,291
7,292
14,292
30,292
54,292
69,292
107,292
110,292
113,292
39,293
144,293
145,293
158,293
191,293
22,294
95,294
167,294
48,295
59,295
62,295
147,295
29,296
46,296
68,296
72,296
85,296
146,296
171,296
191,296
60,297
85,297
98,297
121,297
156,297
166,297
187,297
56,298
117,298
147,298
174,298
195,298
31,299
60,299
79,299
128,299
154,299
170,299
66,300
69,300
122,300
136,300
30,301
54,301
75,301
78,301
95,301
156,301
169,301
181,301
182,301
108,302
115,302
172,302
50,303
86,303
90,303
155,303
157,303
163,303
176,303
196,303
198,303
70,304
81,304
88,304
137,304
163,304
33,305
41,305
65,305
114,305
147,305
168,305
33,306
50,306
58,306
69,306
82,306
89,306
124,306
150,306
166,306
53,307
55,307
56,307
61,307
64,307
122,307
163,307
31,308
32,309
42,309
104,309
198,309
17,310
147,310
190,310
25,311
29,311
118,311
132,311
178,311
181,311
188,311
198,311
32,312
48,312
84,312
87,312
95,312
97,312
112,312
124,312
128,312
144,312
155,312
17,313
104,313
173,313
183,313
2,314
146,314
154,314
48,315
68,315
103,315
105,315
189,315
5,316
58,316
82,316
117,316
143,316
37,317
57,317
71,317
84,317
126,317
30,318
103,318
147,318
152,318
171,318
46,319
167,319
39,320
42,320
55,320
94,320
96,320
131,320
135,320
146,320
176,320
2,321
8,321
18,321
21,321
30,321
74,321
157,321
44,322
73,322
94,322
99,322
112,322
113,322
124,322
170,322
188,322
125,324
164,324
182,324
196,324
68,325
72,325
93,325
99,325
111,325
15,326
40,326
102,326
128,326
130,326
157,326
166,326
169,326
26,327
50,327
142,328
3,329
26,329
95,329
102,329
198,329
43,330
45,330
90,330
68,331
72,331
86,331
81,332
152,332
42,333
103,333
105,333
127,333
147,333
27,334
60,334
102,334
24,335
29,335
38,335
64,335
91,335
3,336
34,336
41,336
116,336
128,336
168,336
184,336
13,337
62,337
85,337
94,337
117,337
38,338
65,338
92,338
107,338
116,338
121,338
125,338
133,338
188,338
83,339
93,339
114,339
143,339
149,339
167,339
5,340
26,340
55,340
57,340
83,340
161,340
3,341
52,341
80,341
134,341
141,341
147,341
167,341
15,342
29,342
66,342
80,342
89,342
97,342
133,342
148,342
151,342
159,342
171,342
70,343
77,343
80,343
110,343
124,343
159,343
12,344
43,344
82,344
159,344
16,345
26,345
48,345
64,345
106,345
128,345
132,345
172,345
13,346
182,346
200,346
27,347
65,347
68,347
75,347
103,347
126,347
164,347
198,347
11,348
20,348
49,348
54,348
76,348
97,348
107,348
129,348
22,349
48,349
156,349
169,349
66,350
108,350
142,350
7,351
47,351
102,351
133,351
147,351
174,352
193,352
194,352
38,353
95,353
113,353
121,353
135,353
157,353
161,353
179,353
56,354
94,354
127,354
149,354
187,354
4,355
103,356
2,357
30,357
68,357
135,357
28,358
53,358
97,358
141,358
170,358
193,358
27,359
43,359
71,359
111,359
155,359
195,359
103,360
110,360
165,360
185,360
1,361
66,361
125,361
143,361
155,361
166,361
192,361
195,361
61,362
71,362
80,362
149,362
175,362
182,362
90,363
122,363
177,363
11,364
86,364
135,364
136,364
159,364
197,364
106,365
149,365
10,366
20,366
127,366
166,366
23,367
79,367
125,367
129,367
151,367
164,367
192,367
31,368
133,368
148,368
160,368
172,368
2,369
5,369
22,369
83,369
107,369
110,369
126,369
197,369
14,370
23,370
97,370
126,370
140,370
151,370
197,370
65,371
142,371
184,371
50,372
61,372
75,372
105,372
146,372
169,372
139,373
140,373
40,374
61,374
69,374
73,374
90,374
190,374
5,375
62,375
95,375
130,375
165,375
52,376
60,376
66,376
138,376
193,376
43,377
105,377
132,377
17,378
68,378
103,378
108,378
189,378
191,378
4,379
73,379
108,379
115,379
156,379
173,379
187,379
198,379
31,380
36,380
68,380
141,380
13,381
36,381
92,381
99,381
119,381
181,381
111,382
127,382
151,382
5,383
41,383
56,383
85,383
115,383
131,383
155,383
90,384
116,384
118,384
146,384
13,385
47,385
62,385
71,385
90,385
133,385
172,385
18,386
53,386
68,386
134,386
143,386
150,386
36,387
78,387
155,387
168,387
181,387
52,388
107,388
127,388
183,388
34,389
35,389
81,389
183,389
26,390
36,390
133,390
137,390
183,390
49,391
86,391
90,391
115,391
129,391
182,391
5,392
26,392
63,392
107,392
195,392
3,393
34,393
57,393
62,393
78,393
109,393
144,393
40,394
104,394
119,394
147,394
163,394
11,395
51,395
117,395
125,395
141,395
165,395
198,395
8,396
40,396
68,396
69,396
144,396
154,396
188,396
133,397
171,397
178,397
4,398
21,398
27,398
62,398
65,398
81,398
169,398
2,399
71,399
106,399
118,399
154,399
12,400
49,400
157,400
32,401
50,401
104,401
136,401
161,401
176,401
177,401
94,402
145,402
146,402
147,402
55,403
111,403
113,403
138,403
181,403
195,403
19,404
25,404
143,404
24,405
72,405
147,405
173,405
175,405
62,406
89,406
90,406
157,406
198,406
45,407
46,407
49,407
52,407
111,407
128,407
155,407
51,408
67,408
107,409
145,409
162,409
163,409
181,409
36,410
43,410
89,410
132,410
133,410
137,410
146,410
147,410
162,410
191,410
5,411
25,411
100,411
127,411
185,411
190,411
83,412
116,412
119,412
188,412
193,412
62,413
84,413
134,413
182,413
7,414
15,414
23,414
70,414
84,414
99,414
100,414
111,414
120,414
125,414
136,414
161,414
14,415
27,415
39,415
74,415
162,415
179,415
194,415
12,416
45,416
91,416
130,416
170,416
14,417
50,417
56,417
58,417
176,417
187,417
14,418
22,418
59,418
102,418
119,418
129,418
159,418
197,418
23,419
126,419
200,419
12,420
25,420
44,420
50,420
51,420
95,420
114,420
116,420
136,420
181,420
191,420
56,421
85,421
87,421
154,421
165,421
182,421
148,422
186,422
49,423
60,423
61,423
117,423
172,423
196,423
52,424
66,424
95,424
120,424
175,424
39,425
114,425
161,425
21,426
36,426
58,426
166,426
190,426
192,426
13,427
32,427
36,427
93,427
146,427
155,427
185,427
19,428
48,428
62,428
78,428
79,428
94,428
115,428
125,428
11,429
21,429
123,429
125,429
146,429
22,430
79,430
96,430
107,430
31,431
32,431
39,431
95,431
102,431
129,431
130,431
147,431
157,431
164,431
86,432
117,432
131,432
199,432
11,433
49,433
61,433
90,433
137,433
150,433
168,433
177,433
9,434
44,434
66,434
163,434
169,434
23,435
68,435
110,435
187,435
29,436
60,436
75,436
80,436
92,436
131,436
50,437
57,437
97,437
103,437
158,437
165,437
181,437
182,437
185,437
1,438
16,438
34,438
168,438
106,439
175,439
154,440
3,441
176,441
180,441
187,441
77,442
90,442
123,442
174,442
175,442
92,443
112,443
147,443
29,444
76,444
153,444
163,444
15,445
20,445
62,445
75,445
93,445
107,445
75,446
85,446
89,446
97,446
102,446
123,446
137,446
138,446
150,446
53,447
57,447
91,447
139,447
150,447
171,447
38,448
46,448
64,448
156,448
164,448
185,448
23,449
29,449
121,449
124,449
38,450
71,450
72,450
112,450
125,450
131,450
171,450
198,450
6,451
90,451
116,451
151,451
174,451
69,452
96,452
114,452
129,452
130,452
133,452
184,452
3,453
11,453
16,453
36,453
70,453
81,453
82,453
92,453
93,453
130,453
138,453
14,454
107,454
119,454
16,455
135,455
160,455
13,456
16,456
39,456
46,456
181,456
12,457
17,457
56,457
62,457
78,457
94,457
106,457
143,457
145,457
2,458
8,458
38,458
77,458
81,458
107,458
135,458
149,458
176,458
177,458
117,459
127,459
155,459
18,460
58,460
84,460
51,461
85,461
176,461
191,461
18,462
27,462
29,462
43,462
56,462
128,462
156,462
193,462
200,462
4,463
7,463
24,463
40,463
45,463
46,463
104,463
109,463
133,463
151,463
179,463
76,464
198,464
53,465
62,465
81,465
192,465
200,465
36,466
40,466
69,466
70,466
97,466
171,466
37,467
45,467
73,467
107,467
141,467
154,467
156,467
82,468
117,468
124,468
126,468
148,468
150,468
179,468
17,469
49,469
64,469
106,469
126,469
160,469
161,469
164,469
92,470
122,470
142,470
192,470
64,471
65,471
129,471
14,472
190,472
19,473
33,473
79,473
89,473
93,473
94,473
144,473
158,473
165,473
196,473
52,474
56,474
76,474
111,474
136,474
154,474
187,474
200,474
14,475
65,475
80,475
85,475
94,475
99,475
145,475
152,475
192,475
39,476
50,476
65,476
152,476
153,476
10,477
27,477
37,477
58,477
67,477
17,478
20,478
46,478
85,478
130,478
84,479
121,479
123,479
131,479
3,480
10,480
82,480
91,480
123,480
153,480
2,481
116,481
142,481
29,482
86,482
151,482
186,482
198,482
22,483
158,483
175,483
178,483
18,484
36,484
45,484
47,484
74,484
135,484
160,484
196,484
2,485
11,485
37,485
55,485
102,485
128,485
136,485
143,485
192,485
55,486
86,486
96,486
153,486
184,486
194,486
145,487
172,487
29,488
89,488
33,489
54,489
111,489
120,489
122,489
137,489
139,489
154,489
179,489
4,490
19,490
44,490
51,490
53,490
99,490
22,491
23,491
65,491
84,491
101,491
122,491
141,491
173,491
20,492
53,492
75,492
116,492
184,492
189,492
34,493
36,493
60,493
91,493
172,493
40,494
101,494
123,494
131,494
142,494
145,494
185,494
195,494
14,495
22,495
108,495
183,495
65,496
67,496
157,496
167,496
173,496
174,496
21,497
68,497
82,497
125,497
143,497
75,498
76,498
95,498
140,498
194,498
1,499
20,499
36,499
118,499
187,499
198,499
15,500
17,500
27,500
42,500
106,500
162,500
184,500
38,501
142,501
151,501
15,502
28,502
34,502
42,502
45,502
57,502
5,503
6,503
16,503
27,503
45,503
74,503
82,503
123,503
50,504
70,504
142,504
144,504
156,504
42,505
78,505
81,505
92,505
106,505
169,505
1,506
48,506
49,506
64,506
104,506
115,506
180,506
188,506
21,507
108,507
130,507
181,507
28,508
37,508
45,508
47,508
53,508
61,508
75,508
81,508
102,508
111,508
138,508
147,508
150,508
170,508
186,508
1,509
6,509
91,509
119,509
140,509
189,509
9,510
19,510
54,510
185,510
91,511
101,511
67,512
92,512
94,512
99,512
146,512
189,512
12,513
13,513
19,513
100,513
110,513
120,513
155,513
9,514
133,514
146,514
13,515
17,515
24,515
52,515
131,515
196,515
38,516
65,516
104,516
128,516
6,517
52,517
63,517
65,517
94,517
102,517
108,517
118,517
121,517
176,517
178,517
188,517
2,518
53,518
61,518
97,518
156,518
185,518
6,519
29,519
61,519
83,519
86,519
168,519
189,519
50,520
78,520
86,520
90,520
107,520
129,520
183,520
195,520
17,521
40,521
56,521
94,521
102,521
119,521
176,521
10,522
13,522
85,522
95,522
163,522
177,522
181,522
197,522
8,523
32,523
13,524
54,524
196,524
34,525
51,525
110,525
113,525
130,525
102,526
161,526
20,527
42,527
81,527
82,527
145,527
151,527
13,528
26,529
37,529
69,529
83,529
84,529
89,529
90,529
102,529
139,529
172,529
173,529
188,529
10,530
21,530
78,530
105,530
123,530
137,530
20,531
115,531
194,531
197,531
8,532
11,532
28,532
71,532
158,532
43,533
94,533
189,533
60,534
107,534
195,534
5,535
42,535
61,535
157,535
14,536
18,536
22,536
23,536
153,536
198,536
14,537
45,537
61,537
74,537
170,537
178,537
200,537
20,538
25,538
46,538
77,538
114,538
132,538
172,538
187,538
200,538
3,539
110,539
124,539
131,539
151,539
181,539
2,540
12,540
27,540
46,540
84,540
94,540
99,540
139,540
142,540
144,540
15,541
58,541
65,541
75,541
135,541
192,541
196,541
198,541
199,541
49,542
89,542
90,542
122,542
136,542
150,542
181,542
64,543
74,543
85,543
92,543
176,543
177,543
26,544
41,544
102,544
191,544
200,544
48,545
81,545
92,545
110,545
126,545
164,545
198,545
42,546
54,546
95,546
181,546
29,547
38,547
75,547
92,547
16,548
73,548
86,548
94,548
107,548
187,548
189,548
23,549
58,549
78,549
130,549
159,549
171,549
190,549
2,550
72,550
117,550
173,550
28,551
58,551
60,551
82,551
94,551
95,551
150,551
191,551
9,552
50,552
78,552
136,552
186,552
15,553
37,553
58,553
66,553
80,553
92,553
97,553
118,553
127,553
135,553
138,553
7,554
8,554
142,554
147,554
167,554
185,554
197,554
2,555
37,555
111,555
158,555
198,555
65,556
64,557
125,557
49,558
85,558
105,558
118,558
134,558
39,559
48,559
106,559
71,560
143,560
171,560
185,560
189,560
195,560
196,560
2,561
18,561
73,561
82,561
97,561
105,561
108,561
138,561
159,561
180,561
187,561
73,562
132,562
190,562
100,563
147,563
177,563
25,564
26,564
81,564
89,564
92,564
128,564
137,564
169,564
173,564
30,565
73,565
112,565
77,566
84,566
106,566
171,566
179,566
188,566
11,567
32,567
46,567
108,567
119,567
172,567
42,568
76,568
92,568
101,568
125,568
198,568
36,569
64,569
48,570
87,570
119,570
139,570
151,570
198,570
5,571
13,571
65,571
107,571
146,571
169,571
173,571
185,571
37,572
59,572
64,572
96,572
99,572
118,572
17,573
53,573
93,573
127,573
157,573
176,573
28,574
33,574
71,574
84,574
107,574
151,574
157,574
162,574
184,574
142,575
196,575
47,576
53,576
67,576
123,576
140,576
143,576
183,576
196,576
53,577
65,577
123,577
58,578
81,578
117,578
152,578
192,578
49,579
75,579
81,579
160,579
181,579
186,579
166,580
184,580
158,581
16,582
16,583
25,583
38,583
104,583
138,583
52,584
70,584
116,584
125,584
155,584
185,584
24,585
31,585
32,585
61,585
103,585
106,585
27,586
90,586
132,586
10,587
11,587
39,587
140,587
178,587
196,587
13,588
37,588
133,588
134,588
154,588
161,588
179,588
198,588
20,589
35,589
84,589
123,589
141,589
29,590
36,590
96,590
120,590
131,590
155,590
182,590
44,591
50,591
85,591
146,591
175,591
57,592
119,592
130,592
145,592
173,592
192,592
195,592
12,593
27,593
56,593
123,593
156,593
188,593
15,594
133,594
49,595
41,596
52,596
175,596
181,596
191,596
11,597
13,597
28,597
64,597
129,597
184,597
198,597
39,598
43,598
44,598
197,598
48,599
78,599
87,599
140,599
144,599
13,600
22,600
36,600
54,600
99,600
102,600
104,600
159,600
67,601
124,601
158,601
58,602
88,602
125,602
129,602
139,602
154,602
168,602
17,603
24,603
55,603
107,603
111,603
112,603
137,603
143,603
44,604
76,604
157,604
181,604
199,604
1,605
6,605
43,605
57,605
102,605
139,605
17,606
25,606
32,606
39,606
76,606
87,606
102,606
105,606
107,606
112,606
116,606
188,606
190,606
68,607
79,607
98,607
104,607
115,607
141,607
152,607
165,607
43,608
66,608
91,608
101,608
111,608
140,608
142,608
171,608
72,609
103,609
172,609
180,609
181,609
137,610
164,610
174,610
152,611
14,612
18,612
35,612
55,612
69,612
77,612
162,612
81,613
127,613
143,613
164,613
119,614
128,614
192,614
35,615
65,615
83,615
115,615
152,615
184,615
196,615
4,616
64,616
84,616
135,616
157,616
158,616
175,616
74,617
101,617
127,617
187,617
3,618
7,618
33,618
38,618
92,618
99,618
174,618
192,618
28,619
38,619
80,619
81,619
95,619
114,619
168,619
55,620
88,620
99,620
122,620
136,620
43,621
50,621
93,621
80,622
99,622
109,622
116,622
166,622
174,622
180,622
192,622
72,623
86,623
125,623
190,623
102,624
134,624
28,625
110,625
145,625
171,625
181,625
187,625
15,626
74,626
132,626
158,626
167,626
168,626
51,627
73,627
95,627
138,627
153,627
70,628
79,628
135,628
167,628
180,628
189,628
197,628
198,628
145,629
150,629
85,630
155,630
12,631
83,631
86,631
102,631
149,631
185,631
50,632
58,632
7,633
63,633
90,633
121,633
148,633
22,634
79,634
98,634
151,634
169,634
1,635
4,635
12,635
15,635
26,635
58,635
77,635
133,635
196,635
11,636
23,636
54,636
72,636
86,636
99,636
119,636
139,636
162,636
183,636
7,637
27,637
31,637
57,637
74,637
107,637
132,637
158,637
186,637
58,638
71,638
191,638
61,639
103,639
106,639
138,639
172,639
182,639
72,640
129,640
184,640
199,640
97,641
118,641
120,641
127,641
145,641
76,642
100,642
113,642
120,642
157,642
169,642
184,642
20,643
81,643
103,643
111,643
19,644
26,644
59,644
93,644
161,644
165,644
48,645
50,645
75,645
171,645
29,646
64,646
79,646
84,646
156,646
116,647
131,647
140,647
150,647
22,648
39,648
42,648
61,648
76,648
108,648
186,648
23,649
54,649
61,649
105,649
119,649
122,649
136,649
147,649
172,649
177,649
195,649
5,650
9,650
59,650
76,650
110,650
128,650
179,650
184,650
32,651
20,652
28,652
108,652
133,652
168,652
24,653
116,653
161,653
68,654
70,654
87,654
106,654
112,654
121,654
122,654
186,654
83,655
101,655
108,655
134,655
161,655
97,656
113,656
118,656
41,657
104,657
109,657
180,657
54,658
60,658
65,658
121,658
151,658
195,658
106,659
120,659
143,659
162,659
165,659
174,659
143,660
160,660
96,661
115,661
145,661
157,661
172,661
184,661
37,662
49,662
92,662
101,662
188,662
20,663
37,663
74,663
90,663
52,664
125,664
145,664
187,664
5,665
42,665
60,665
68,665
72,665
128,665
140,665
151,665
185,665
73,666
112,666
121,666
32,667
33,667
73,667
75,667
172,667
34,668
88,668
144,668
182,668
191,668
32,669
111,669
129,669
161,669
19,670
47,670
78,670
140,670
149,670
9,671
68,671
115,671
128,671
187,671
12,672
50,672
83,672
99,672
150,672
167,672
19,673
23,673
42,673
108,673
122,673
141,673
164,673
169,673
195,673
41,674
78,674
113,674
152,674
159,674
166,674
192,674
52,675
106,675
66,676
90,676
104,677
174,677
182,677
192,677
195,677
41,678
51,678
85,678
93,678
168,678
27,679
28,679
60,679
87,679
111,679
182,679
190,679
21,680
45,680
80,680
93,680
111,680
113,680
143,680
152,680
154,680
159,680
192,680
164,681
26,682
27,682
120,682
190,682
192,682
39,683
65,683
125,683
134,683
177,683
129,684
161,684
177,684
184,684
196,684
3,685
57,685
126,685
149,685
168,685
21,686
83,686
92,686
98,686
105,686
115,686
136,686
5,687
42,687
80,687
106,687
143,687
14,688
22,688
25,688
26,688
62,688
80,688
137,688
147,688
155,688
173,688
39,689
52,689
59,689
78,689
193,689
199,689
95,690
134,690
143,690
4,691
7,691
23,691
120,691
139,691
197,691
6,692
81,692
103,692
145,692
167,692
191,692
108,693
119,693
128,693
131,693
140,693
165,693
190,693
10,694
33,694
37,694
59,694
64,694
65,694
77,694
109,694
169,694
185,694
27,695
118,695
138,695
182,695
190,695
39,696
108,696
128,696
157,696
9,697
25,697
37,697
53,697
66,697
89,697
150,697
58,698
132,698
154,698
164,698
179,698
44,699
92,699
93,699
111,699
176,699
21,700
31,700
39,700
101,700
109,700
112,700
113,700
171,701
21,702
59,702
101,702
108,702
130,702
140,702
144,702
10,703
39,703
61,703
84,703
115,703
137,703
151,703
24,704
74,704
38,705
48,705
98,705
129,705
156,705
170,705
174,705
190,705
66,706
68,706
87,706
139,706
143,706
195,706
35,707
57,707
62,707
73,707
117,707
147,708
178,708
190,708
192,708
11,709
49,709
55,709
76,709
80,709
193,709
81,710
98,710
117,710
125,710
127,710
142,710
172,710
19,711
85,711
192,711
4,712
33,712
92,712
94,712
102,712
142,712
42,713
59,713
94,713
131,713
145,713
157,713
4,714
20,714
36,714
45,714
52,714
57,714
65,714
100,714
115,714
161,714
166,714
182,714
200,714
26,715
36,715
120,715
183,715
10,716
12,716
36,716
49,716
16,717
18,717
20,717
50,717
57,717
88,717
120,717
167,717
13,718
72,718
87,718
100,718
122,718
148,718
62,719
83,719
113,719
135,719
139,719
163,719
175,719
194,719
34,720
69,720
74,720
146,720
182,720
4,721
41,721
87,721
98,721
108,721
9,722
69,722
120,722
174,722
29,723
40,723
113,723
41,724
94,724
180,724
197,724
49,725
53,725
66,725
67,725
70,725
98,725
123,725
130,725
58,726
67,726
99,726
113,726
124,726
145,726
176,726
177,726
53,727
79,727
127,727
133,727
169,727
12,728
56,728
92,728
97,728
102,728
112,728
150,728
13,729
49,729
81,729
84,729
140,729
152,729
175,729
180,729
186,729
5,730
123,730
140,730
185,730
199,730
22,731
36,731
46,731
67,731
111,731
140,731
146,731
5,732
26,732
30,732
35,732
50,732
109,732
111,732
113,732
153,732
179,732
180,732
21,733
51,733
108,733
178,733
17,734
21,734
47,734
51,734
98,734
146,734
167,734
189,734
33,735
65,735
103,735
118,735
142,735
39,736
140,736
33,737
40,737
47,737
51,737
57,737
111,737
165,737
179,737
35,738
42,738
98,738
117,738
119,738
194,738
195,738
31,739
104,739
117,739
115,740
141,740
176,740
99,741
108,741
2,742
22,742
116,742
124,742
140,742
28,743
72,743
40,744
75,744
93,744
102,744
108,744
111,744
139,744
172,744
178,744
181,744
15,745
137,745
184,745
193,745
198,745
120,746
139,746
176,746
197,746
40,747
68,747
74,747
138,747
192,747
35,748
73,748
95,748
113,748
145,748
189,748
1,749
59,749
77,749
127,749
161,749
19,750
51,750
56,750
79,750
82,750
105,750
44,751
119,751
177,751
8,752
9,752
19,752
61,752
86,752
106,752
141,752
197,752
43,753
79,753
109,753
144,753
173,753
2,754
33,754
40,754
54,754
60,754
115,754
156,754
25,755
58,755
97,755
160,755
19,756
132,756
153,756
20,757
48,757
72,757
97,757
114,757
155,757
173,757
7,758
16,758
26,758
101,758
137,758
170,758
172,758
176,758
197,758
198,758
14,759
100,759
128,759
142,759
76,760
86,760
69,761
81,761
85,761
149,761
171,761
185,761
78,762
144,762
178,762
63,763
106,763
127,763
177,763
192,763
14,764
26,764
54,764
75,764
83,764
84,764
130,764
170,764
177,764
76,765
98,765
7,766
23,766
46,766
61,766
67,766
153,766
45,767
57,767
61,767
78,767
160,767
46,768
93,768
141,768
148,768
152,768
155,768
187,768
8,769
56,769
66,769
79,769
160,769
179,769
195,769
197,769
7,770
17,770
47,770
131,770
188,770
8,771
19,771
27,771
60,771
90,771
121,771
127,771
172,771
39,772
59,772
73,772
112,772
141,772
148,772
175,772
184,772
71,773
72,773
188,773
101,774
107,774
128,774
188,774
22,775
33,775
94,775
124,775
156,775
191,775
55,776
79,776
144,776
47,777
83,777
93,777
111,777
150,777
180,777
45,778
96,778
117,778
140,778
169,778
175,778
16,779
34,779
41,779
100,779
165,779
171,779
187,779
61,780
74,780
75,780
106,780
121,780
174,780
24,781
56,781
63,781
76,781
107,781
136,781
195,781
10,782
23,782
84,782
98,782
119,782
149,782
15,783
60,783
117,783
20,784
41,784
44,784
60,784
83,784
116,784
159,784
199,784
19,785
37,785
88,785
109,785
117,785
124,785
144,785
155,785
163,785
199,785
109,786
119,786
123,786
162,786
194,786
47,787
82,787
101,787
141,787
184,787
34,788
79,788
80,788
94,788
118,788
119,788
166,788
189,788
159,789
28,790
47,790
55,790
69,791
127,791
48,792
143,792
148,792
28,793
31,793
38,793
66,793
17,794
34,794
142,794
160,794
167,794
195,794
15,795
26,795
50,795
56,795
105,795
122,795
196,795
99,796
102,796
107,796
112,796
198,796
30,797
45,797
117,797
174,797
4,798
21,798
42,798
131,798
165,798
40,799
41,799
158,799
17,800
58,800
159,800
167,800
110,801
164,801
191,801
22,802
31,802
82,802
92,802
102,802
119,802
154,802
157,802
159,802
167,802
176,802
190,802
21,804
23,804
74,804
168,804
7,805
27,805
60,805
129,805
7,806
132,806
133,806
136,806
190,806
198,806
80,807
91,807
114,807
161,807
165,807
168,807
193,807
18,808
86,808
136,808
63,809
84,809
130,809
131,809
165,809
174,809
180,809
45,810
102,810
149,810
2,811
5,811
9,811
49,811
78,811
149,811
179,811
180,811
12,812
29,812
52,812
85,812
117,812
158,812
95,813
195,813
124,814
128,814
135,814
9,815
32,815
39,815
55,815
100,815
169,815
188,815
196,815
197,815
13,816
28,816
181,816
5,817
13,817
15,817
35,817
90,817
112,817
153,817
179,817
198,817
136,818
159,818
185,818
88,819
127,819
182,819
191,819
192,819
23,820
46,820
140,820
164,820
180,820
189,820
26,821
141,821
143,821
152,821
103,822
145,822
70,823
73,823
98,824
158,824
180,824
44,825
92,825
161,825
6,826
23,826
97,826
129,826
160,826
168,826
3,827
28,827
38,827
43,827
55,827
81,827
114,827
174,827
176,827
177,827
191,827
95,828
101,828
102,828
175,828
182,828
193,828
24,829
46,829
50,829
66,829
91,829
98,829
112,829
141,829
27,830
46,830
60,830
84,830
87,830
120,830
140,830
143,830
158,830
174,830
191,830
39,831
61,831
105,831
107,831
117,831
1,832
4,832
13,832
24,832
61,832
64,832
96,832
137,832
164,832
165,832
13,833
23,833
43,833
71,833
83,833
89,833
163,833
165,833
172,833
196,833
68,834
70,834
74,834
129,834
164,834
191,834
193,834
28,835
40,835
60,835
93,835
99,835
105,835
140,835
157,835
34,836
46,836
74,836
126,836
181,836
102,837
196,837
12,838
30,838
82,838
90,838
92,838
113,838
37,839
38,839
68,839
82,839
88,839
127,839
176,839
37,840
50,840
68,840
79,840
141,840
158,840
5,841
101,841
114,841
137,841
168,841
18,842
23,842
54,842
136,842
142,842
154,842
175,842
13,843
84,843
198,843
56,844
116,844
156,844
162,844
102,845
144,845
182,845
185,845
7,846
34,846
96,846
100,846
115,846
127,846
152,846
14,847
51,847
111,847
121,847
153,847
169,847
180,847
74,848
91,849
107,849
141,849
155,849
169,849
171,849
188,849
191,849
11,850
76,850
100,850
161,850
183,850
56,851
164,851
193,851
57,852
64,852
65,852
78,852
102,852
118,852
173,852
174,852
179,852
17,853
23,853
34,853
37,853
38,853
59,853
79,853
174,853
189,853
11,854
27,854
44,854
72,854
150,854
23,855
90,855
95,855
14,856
23,856
58,856
70,856
93,856
112,856
167,856
86,857
129,857
140,857
173,857
4,858
54,858
58,858
80,858
90,858
105,858
106,858
119,858
124,858
191,858
198,858
8,859
91,859
107,859
142,859
176,859
64,860
123,860
126,860
42,861
54,861
67,861
114,861
134,861
29,862
56,862
59,862
76,862
97,862
139,862
141,862
183,862
18,863
20,863
109,863
141,863
142,863
69,864
89,864
105,864
117,864
147,864
167,864
182,864
5,865
9,865
42,865
72,865
112,865
76,866
106,866
114,866
42,867
166,867
184,867
40,868
56,868
90,868
119,868
133,868
170,868
181,868
40,869
70,869
85,869
112,869
130,869
158,869
180,869
195,869
67,870
75,870
76,870
82,870
87,870
181,870
12,871
25,871
66,871
146,871
198,871
74,872
100,872
143,872
171,872
176,872
194,872
9,873
17,873
27,873
83,873
150,873
17,874
71,874
93,874
96,874
157,874
180,874
181,874
190,874
36,875
44,875
85,875
131,875
142,875
38,876
42,876
159,876
19,877
69,877
82,877
100,877
125,877
170,877
33,878
44,878
52,878
86,878
143,878
28,879
52,879
107,879
138,879
158,879
174,879
200,879
12,880
17,880
27,880
31,880
78,880
90,880
150,880
151,880
158,880
161,880
185,880
33,881
88,881
106,881
131,881
163,881
124,882
133,882
167,882
185,882
189,882
18,883
44,883
160,883
121,884
164,884
26,885
109,885
121,885
138,885
155,885
195,885
15,886
16,886
168,886
170,886
198,886
199,886
21,887
40,887
84,887
108,887
115,887
117,887
150,887
11,888
80,888
9,889
27,889
46,889
92,889
150,889
168,889
14,890
42,890
113,890
155,890
175,890
51,891
57,891
152,891
163,891
6,892
56,892
104,892
108,892
123,892
139,892
150,892
151,892
168,892
171,892
181,892
198,892
21,893
56,893
63,893
82,893
86,893
105,893
145,893
41,894
106,894
108,894
111,894
120,894
133,894
144,894
158,894
169,894
8,895
45,895
51,895
85,895
103,895
151,895
11,896
44,896
134,896
158,896
189,896
13,897
50,897
132,897
134,897
169,897
120,898
152,898
171,898
128,899
132,899
149,899
189,899
7,900
37,900
45,900
119,900
7,901
45,901
90,901
6,902
44,902
74,902
9,903
95,903
103,903
171,903
26,904
27,904
104,904
132,904
86,905
107,905
135,905
149,905
26,906
105,906
142,906
143,906
187,906
196,906
42,907
159,907
181,907
14,908
28,908
88,908
125,908
164,908
175,908
196,908
4,909
66,909
93,909
100,909
141,909
146,909
162,909
7,910
81,910
105,910
129,910
177,910
82,911
120,911
127,911
181,911
22,912
41,912
76,912
98,912
103,912
110,912
128,912
200,912
47,913
54,913
114,913
149,913
157,913
10,914
25,914
35,914
69,914
142,914
183,914
187,914
191,914
36,915
52,915
66,915
67,915
105,915
134,915
79,916
93,916
197,916
18,917
43,917
137,917
50,918
57,918
71,918
14,919
100,919
111,919
153,919
185,919
196,919
21,920
39,920
45,920
75,920
108,920
129,920
161,920
185,920
64,921
113,921
131,921
149,921
161,921
173,921
181,921
42,922
48,922
146,922
47,923
86,923
95,923
138,923
140,923
145,923
167,923
187,923
4,924
15,924
47,924
50,924
161,924
179,924
198,924
37,925
45,925
64,925
90,925
170,925
188,925
9,926
48,926
104,926
117,926
123,926
49,927
134,927
152,927
161,927
168,927
11,928
29,928
32,928
60,928
66,928
101,928
173,928
10,929
34,929
86,929
88,929
92,929
10,930
55,930
97,930
130,930
132,930
178,930
36,931
179,931
42,932
63,932
83,932
101,932
40,933
97,933
133,933
136,933
173,933
106,934
140,934
23,935
76,935
8,936
56,936
73,936
101,936
134,936
44,937
53,937
193,937
11,938
40,938
65,938
72,938
77,938
118,938
129,938
153,938
194,938
1,939
116,939
119,939
196,939
51,940
88,940
182,940
189,940
194,940
80,941
91,941
101,941
155,941
183,941
41,942
103,942
59,943
77,943
18,944
29,944
44,944
47,944
63,944
100,944
128,944
166,944
12,945
30,945
63,945
67,945
96,945
104,945
146,945
200,945
59,946
73,946
176,946
53,947
97,947
149,947
163,947
165,947
14,948
17,948
165,948
15,949
125,949
128,949
149,949
183,949
34,950
73,950
94,950
160,950
197,950
52,951
62,951
65,951
66,951
97,951
44,952
60,952
87,952
115,952
133,952
198,952
28,953
70,953
127,953
144,953
145,953
150,953
171,953
193,953
199,953
82,954
105,954
154,954
160,954
169,954
98,955
109,955
115,955
146,955
180,955
36,956
71,956
72,956
74,956
103,956
116,956
177,956
7,957
17,957
50,957
66,957
85,957
118,957
122,957
147,957
164,957
2,958
43,958
76,958
102,958
108,958
143,958
191,958
200,958
7,959
17,959
168,959
172,959
184,959
190,959
66,960
85,960
179,960
193,960
53,961
87,961
110,961
114,961
122,961
20,962
111,962
129,962
150,962
165,962
195,962
37,963
55,963
77,963
78,963
180,963
9,964
10,964
22,964
70,964
72,964
152,964
33,965
56,965
65,965
125,965
128,965
185,965
3,966
10,966
13,966
37,966
108,966
115,966
121,966
146,966
155,966
184,966
3,967
16,967
27,967
99,967
100,967
109,967
157,967
158,967
184,967
197,967
15,968
78,968
88,968
96,968
152,968
158,968
162,968
11,969
24,969
72,969
77,969
113,969
118,969
146,969
184,969
191,969
1,970
14,970
54,970
89,970
127,970
138,970
3,971
34,971
60,971
68,971
191,971
33,972
67,972
196,972
28,973
47,973
107,973
111,973
157,973
185,973
9,974
51,974
178,974
197,974
45,975
84,975
89,976
179,976
187,976
20,977
49,977
107,977
175,977
31,978
45,978
82,978
99,978
101,978
159,978
175,978
80,979
100,979
102,979
197,979
1,980
10,980
32,980
46,980
49,980
53,980
64,980
101,980
102,980
23,981
62,981
63,981
67,981
113,981
130,981
44,982
91,982
93,982
99,982
174,982
10,983
21,983
178,983
183,983
186,983
59,984
101,984
104,984
164,984
15,985
82,985
98,985
115,985
184,985
27,986
60,986
96,987
110,987
124,987
132,987
147,987
155,987
11,988
54,988
62,988
101,988
112,988
123,988
153,988
154,988
188,988
37,989
94,989
138,989
151,989
188,989
51,990
54,990
61,990
62,990
98,990
105,990
158,990
182,990
46,991
92,991
100,991
181,991
100,992
141,992
149,992
169,992
33,993
51,993
77,993
105,993
114,993
136,993
170,993
191,993
200,993
6,994
28,994
105,994
115,994
120,994
186,994
197,995
3,996
27,996
84,996
163,996
170,996
23,997
37,997
124,997
155,997
198,997
13,998
44,998
73,998
122,998
169,998
175,998
52,999
66,999
104,999
140,999
142,999
155,1000
166,1000
178,1000
