inventory_id,film_id,store_id
1,1,1
2,1,1
3,1,1
4,1,1
16,4,1
17,4,1
18,4,1
19,4,1
26,6,1
27,6,1
28,6,1
32,7,1
33,7,1
41,9,1
42,9,1
43,9,1
46,10,1
47,10,1
48,10,1
49,10,1
53,11,1
54,11,1
55,11,1
56,11,1
60,12,1
61,12,1
62,12,1
71,15,1
72,15,1
77,16,1
78,16,1
81,17,1
82,17,1
83,17,1
87,18,1
88,18,1
89,18,1
93,19,1
94,19,1
95,19,1
96,19,1
99,20,1
100,20,1
101,20,1
102,21,1
103,21,1
108,22,1
109,22,1
110,22,1
111,22,1
115,23,1
116,23,1
117,23,1
120,24,1
121,24,1
122,24,1
123,24,1
124,25,1
125,25,1
126,25,1
127,25,1
130,26,1
131,26,1
135,27,1
136,27,1
137,27,1
138,27,1
139,28,1
140,28,1
141,28,1
142,29,1
143,29,1
144,30,1
145,30,1
146,31,1
147,31,1
148,31,1
149,31,1
160,35,1
161,35,1
162,35,1
163,35,1
167,37,1
168,37,1
169,37,1
170,37,1
174,39,1
175,39,1
176,39,1
189,43,1
190,43,1
191,43,1
196,44,1
197,44,1
201,45,1
202,45,1
203,45,1
204,45,1
212,48,1
213,48,1
216,49,1
217,49,1
218,49,1
222,50,1
223,50,1
224,50,1
227,51,1
228,51,1
235,53,1
236,53,1
237,54,1
238,54,1
239,54,1
242,55,1
243,55,1
244,55,1
245,55,1
248,56,1
249,56,1
250,56,1
253,57,1
254,57,1
255,57,1
256,57,1
264,59,1
265,59,1
266,59,1
269,60,1
270,60,1
271,60,1
272,61,1
273,61,1
274,61,1
275,61,1
280,63,1
281,63,1
291,66,1
292,66,1
293,66,1
294,67,1
295,67,1
300,68,1
301,68,1
304,69,1
305,69,1
306,69,1
307,69,1
312,70,1
313,70,1
320,72,1
321,72,1
322,72,1
323,72,1
326,73,1
327,73,1
328,73,1
329,73,1
334,74,1
335,74,1
336,74,1
342,76,1
343,76,1
344,76,1
345,77,1
346,77,1
347,77,1
348,77,1
351,78,1
352,78,1
353,78,1
358,79,1
359,79,1
360,79,1
364,80,1
365,80,1
366,80,1
367,80,1
368,81,1
369,81,1
370,81,1
371,81,1
372,82,1
373,82,1
374,83,1
375,83,1
376,83,1
379,84,1
380,84,1
381,84,1
382,84,1
387,86,1
388,86,1
389,86,1
390,86,1
399,89,1
400,89,1
401,89,1
405,90,1
406,90,1
407,90,1
411,91,1
412,91,1
413,91,1
414,91,1
419,92,1
420,92,1
426,94,1
427,94,1
428,95,1
429,95,1
433,96,1
434,96,1
435,96,1
436,97,1
437,97,1
438,97,1
439,97,1
442,98,1
443,98,1
444,98,1
445,99,1
446,99,1
447,99,1
451,100,1
452,100,1
453,100,1
454,100,1
457,101,1
458,101,1
459,101,1
460,101,1
465,103,1
466,103,1
467,103,1
468,103,1
476,105,1
477,105,1
481,106,1
482,106,1
485,109,1
486,109,1
487,109,1
488,109,1
493,110,1
494,110,1
495,110,1
496,110,1
501,112,1
502,112,1
503,112,1
504,112,1
512,114,1
513,114,1
514,114,1
515,114,1
519,115,1
520,115,1
521,115,1
526,116,1
527,116,1
532,117,1
533,117,1
534,117,1
535,117,1
538,118,1
539,118,1
540,118,1
541,118,1
544,119,1
545,119,1
546,119,1
551,120,1
552,120,1
553,120,1
554,121,1
555,121,1
556,121,1
560,122,1
561,122,1
562,122,1
563,122,1
567,123,1
568,123,1
580,127,1
581,127,1
582,127,1
583,127,1
588,129,1
589,129,1
590,129,1
594,130,1
595,130,1
600,131,1
601,131,1
602,131,1
603,131,1
606,132,1
607,132,1
608,132,1
609,132,1
612,133,1
613,133,1
619,135,1
620,135,1
621,135,1
626,136,1
627,136,1
628,136,1
633,138,1
634,138,1
638,139,1
639,139,1
640,139,1
641,139,1
644,140,1
645,140,1
649,141,1
650,141,1
651,141,1
654,142,1
655,142,1
656,142,1
659,143,1
660,143,1
661,143,1
662,143,1
669,146,1
670,146,1
671,146,1
672,147,1
673,147,1
674,147,1
678,149,1
679,149,1
680,149,1
684,150,1
685,150,1
690,151,1
691,151,1
694,152,1
695,152,1
696,152,1
697,152,1
698,153,1
699,153,1
700,153,1
701,153,1
702,154,1
703,154,1
704,154,1
709,155,1
710,155,1
719,158,1
720,158,1
724,159,1
725,159,1
726,159,1
727,159,1
731,160,1
732,160,1
736,161,1
737,161,1
738,162,1
739,162,1
740,162,1
748,164,1
749,164,1
753,165,1
754,165,1
755,165,1
758,166,1
759,166,1
760,166,1
761,166,1
764,167,1
765,167,1
766,167,1
767,167,1
771,168,1
772,168,1
773,169,1
774,169,1
777,170,1
778,170,1
783,172,1
784,172,1
785,172,1
786,172,1
790,173,1
791,173,1
792,173,1
795,174,1
796,174,1
797,174,1
798,174,1
803,175,1
804,175,1
808,176,1
809,176,1
817,178,1
818,178,1
819,179,1
820,179,1
821,179,1
822,179,1
825,181,1
826,181,1
827,181,1
832,182,1
833,182,1
834,183,1
835,183,1
836,183,1
840,184,1
841,184,1
845,185,1
846,185,1
847,186,1
848,186,1
854,188,1
855,188,1
856,188,1
857,189,1
858,189,1
867,191,1
868,191,1
869,191,1
873,193,1
874,193,1
875,193,1
876,193,1
881,194,1
882,194,1
885,196,1
886,196,1
887,197,1
888,197,1
889,199,1
890,199,1
891,199,1
892,199,1
897,200,1
898,200,1
899,200,1
900,200,1
905,201,1
906,201,1
907,201,1
908,201,1
909,202,1
910,202,1
911,202,1
916,204,1
917,204,1
918,204,1
919,204,1
922,205,1
923,205,1
924,205,1
925,205,1
926,206,1
927,206,1
928,206,1
929,206,1
934,207,1
935,207,1
936,207,1
937,207,1
938,208,1
939,208,1
940,208,1
941,209,1
942,209,1
943,209,1
944,209,1
948,211,1
949,211,1
950,212,1
951,212,1
952,212,1
955,213,1
956,213,1
957,213,1
958,213,1
963,215,1
964,215,1
965,215,1
969,216,1
970,216,1
974,218,1
975,218,1
976,218,1
977,218,1
981,219,1
982,219,1
983,219,1
984,219,1
985,220,1
986,220,1
987,220,1
988,220,1
993,222,1
994,222,1
1001,224,1
1002,224,1
1003,225,1
1004,225,1
1005,225,1
1006,226,1
1007,226,1
1011,227,1
1012,227,1
1013,227,1
1016,228,1
1017,228,1
1018,228,1
1023,229,1
1024,229,1
1027,230,1
1028,230,1
1029,231,1
1030,231,1
1031,231,1
1032,231,1
1037,232,1
1038,232,1
1039,232,1
1042,233,1
1043,233,1
1044,233,1
1045,233,1
1048,234,1
1049,234,1
1050,234,1
1051,234,1
1055,235,1
1056,235,1
1065,237,1
1066,237,1
1067,238,1
1068,238,1
1069,239,1
1070,239,1
1071,239,1
1072,239,1
1080,241,1
1081,241,1
1082,241,1
1083,241,1
1084,242,1
1085,242,1
1089,243,1
1090,243,1
1095,244,1
1096,244,1
1097,244,1
1098,244,1
1102,245,1
1103,245,1
1104,245,1
1112,247,1
1113,247,1
1114,247,1
1121,249,1
1122,249,1
1131,251,1
1132,251,1
1136,252,1
1137,252,1
1138,252,1
1142,253,1
1143,253,1
1144,253,1
1145,253,1
1148,254,1
1149,254,1
1153,255,1
1154,255,1
1155,255,1
1156,255,1
1169,259,1
1170,259,1
1175,261,1
1176,261,1
1179,263,1
1180,263,1
1181,263,1
1182,263,1
1188,265,1
1189,265,1
1190,265,1
1191,265,1
1192,266,1
1193,266,1
1194,266,1
1195,266,1
1200,267,1
1201,267,1
1202,267,1
1203,267,1
1208,269,1
1209,269,1
1214,270,1
1215,270,1
1216,270,1
1221,271,1
1222,271,1
1223,271,1
1226,272,1
1227,272,1
1228,272,1
1229,272,1
1230,273,1
1231,273,1
1232,273,1
1233,273,1
1237,274,1
1238,274,1
1239,274,1
1244,275,1
1245,275,1
1246,275,1
1249,276,1
1250,276,1
1251,276,1
1252,276,1
1253,277,1
1254,277,1
1255,277,1
1256,278,1
1257,278,1
1258,279,1
1259,279,1
1260,280,1
1261,280,1
1262,280,1
1263,280,1
1266,281,1
1267,281,1
1272,282,1
1273,282,1
1274,282,1
1278,283,1
1279,283,1
1280,283,1
1281,284,1
1282,284,1
1283,284,1
1288,285,1
1289,285,1
1290,285,1
1295,286,1
1296,286,1
1300,287,1
1301,287,1
1304,288,1
1305,288,1
1310,289,1
1311,289,1
1312,290,1
1313,290,1
1314,290,1
1315,291,1
1316,291,1
1317,291,1
1318,291,1
1319,292,1
1320,292,1
1321,292,1
1325,293,1
1326,293,1
1330,294,1
1331,294,1
1335,295,1
1336,295,1
1337,295,1
1338,295,1
1343,296,1
1344,296,1
1345,296,1
1346,296,1
1349,298,1
1350,298,1
1354,299,1
1355,299,1
1356,299,1
1357,299,1
1358,300,1
1359,300,1
1364,301,1
1365,301,1
1366,301,1
1367,301,1
1372,302,1
1373,302,1
1378,303,1
1379,303,1
1380,303,1
1381,303,1
1384,304,1
1385,304,1
1386,304,1
1387,304,1
1390,305,1
1391,305,1
1392,305,1
1393,305,1
1397,306,1
1398,306,1
1399,306,1
1400,307,1
1401,307,1
1402,307,1
1406,308,1
1407,308,1
1410,309,1
1411,309,1
1416,310,1
1417,310,1
1418,311,1
1419,311,1
1420,311,1
1428,313,1
1429,313,1
1430,313,1
1431,313,1
1434,314,1
1435,314,1
1445,317,1
1446,317,1
1447,317,1
1448,317,1
1452,319,1
1453,319,1
1454,319,1
1459,320,1
1460,320,1
1461,320,1
1466,321,1
1467,321,1
1468,321,1
1469,321,1
1470,322,1
1471,322,1
1472,322,1
1473,322,1
1480,324,1
1481,324,1
1482,324,1
1485,326,1
1486,326,1
1491,327,1
1492,327,1
1493,327,1
1494,327,1
1501,329,1
1502,329,1
1503,329,1
1507,330,1
1508,330,1
1509,330,1
1510,330,1
1514,331,1
1515,331,1
1516,331,1
1517,331,1
1522,333,1
1523,333,1
1526,334,1
1527,334,1
1532,335,1
1533,335,1
1534,336,1
1535,336,1
1536,336,1
1539,337,1
1540,337,1
1549,340,1
1550,340,1
1551,341,1
1552,341,1
1553,341,1
1554,341,1
1559,342,1
1560,342,1
1561,342,1
1562,342,1
1563,343,1
1564,343,1
1565,344,1
1566,344,1
1567,344,1
1570,345,1
1571,345,1
1572,345,1
1575,346,1
1576,346,1
1581,347,1
1582,347,1
1583,347,1
1584,347,1
1589,349,1
1590,349,1
1591,349,1
1592,349,1
1596,350,1
1597,350,1
1598,350,1
1599,350,1
1604,351,1
1605,351,1
1606,351,1
1614,353,1
1615,353,1
1620,354,1
1621,354,1
1622,354,1
1627,356,1
1628,356,1
1629,356,1
1630,356,1
1639,358,1
1640,358,1
1641,358,1
1642,358,1
1647,360,1
1648,360,1
1649,360,1
1650,360,1
1651,361,1
1652,361,1
1653,361,1
1654,361,1
1659,362,1
1660,362,1
1661,363,1
1662,363,1
1663,363,1
1667,364,1
1668,364,1
1669,364,1
1670,365,1
1671,365,1
1674,366,1
1675,366,1
1676,366,1
1677,366,1
1681,367,1
1682,367,1
1683,367,1
1684,367,1
1688,368,1
1689,368,1
1690,369,1
1691,369,1
1692,369,1
1693,369,1
1698,370,1
1699,370,1
1700,370,1
1703,371,1
1704,371,1
1705,371,1
1706,372,1
1707,372,1
1708,373,1
1709,373,1
1710,373,1
1713,374,1
1714,374,1
1715,374,1
1720,375,1
1721,375,1
1722,376,1
1723,376,1
1724,376,1
1725,376,1
1729,377,1
1730,377,1
1731,377,1
1735,378,1
1736,378,1
1737,378,1
1738,378,1
1747,380,1
1748,380,1
1752,381,1
1753,381,1
1757,382,1
1758,382,1
1759,382,1
1760,382,1
1765,383,1
1766,383,1
1767,383,1
1773,385,1
1774,385,1
1778,387,1
1779,387,1
1780,387,1
1784,388,1
1785,388,1
1786,388,1
1790,389,1
1791,389,1
1794,390,1
1795,390,1
1796,390,1
1797,391,1
1798,391,1
1799,391,1
1800,391,1
1804,392,1
1805,392,1
1806,392,1
1807,392,1
1810,393,1
1811,393,1
1812,394,1
1813,394,1
1814,394,1
1815,394,1
1816,395,1
1817,395,1
1818,395,1
1826,397,1
1827,397,1
1828,397,1
1839,400,1
1840,400,1
1841,401,1
1842,401,1
1843,402,1
1844,402,1
1845,402,1
1849,403,1
1850,403,1
1851,403,1
1852,403,1
1859,406,1
1860,406,1
1865,407,1
1866,407,1
1867,408,1
1868,408,1
1869,408,1
1870,408,1
1874,409,1
1875,409,1
1876,409,1
1877,409,1
1881,410,1
1882,410,1
1883,410,1
1886,411,1
1887,411,1
1888,412,1
1889,412,1
1890,412,1
1891,412,1
1896,413,1
1897,413,1
1898,413,1
1899,414,1
1900,414,1
1901,414,1
1905,415,1
1906,415,1
1907,415,1
1911,416,1
1912,416,1
1917,417,1
1918,417,1
1919,417,1
1920,417,1
1923,418,1
1924,418,1
1925,418,1
1926,418,1
1931,420,1
1932,420,1
1942,423,1
1943,423,1
1946,424,1
1947,424,1
1948,424,1
1956,427,1
1957,427,1
1958,427,1
1959,427,1
1960,428,1
1961,428,1
1962,428,1
1963,428,1
1966,429,1
1967,429,1
1979,432,1
1980,432,1
1981,432,1
1984,433,1
1985,433,1
1986,433,1
1987,433,1
1990,434,1
1991,434,1
1992,434,1
1993,434,1
1998,435,1
1999,435,1
2000,436,1
2001,436,1
2002,436,1
2006,437,1
2007,437,1
2012,438,1
2013,438,1
2017,439,1
2018,439,1
2019,439,1
2020,439,1
2023,440,1
2024,440,1
2027,441,1
2028,441,1
2029,442,1
2030,442,1
2031,442,1
2032,443,1
2033,443,1
2034,443,1
2039,444,1
2040,444,1
2041,444,1
2042,444,1
2047,445,1
2048,445,1
2049,445,1
2053,446,1
2054,446,1
2057,447,1
2058,447,1
2059,447,1
2060,447,1
2064,448,1
2065,448,1
2073,450,1
2074,450,1
2075,450,1
2080,451,1
2081,451,1
2089,453,1
2090,453,1
2091,453,1
2094,454,1
2095,454,1
2096,455,1
2097,455,1
2098,455,1
2099,455,1
2100,456,1
2101,456,1
2106,457,1
2107,457,1
2112,458,1
2113,458,1
2120,460,1
2121,460,1
2122,460,1
2123,460,1
2128,461,1
2129,461,1
2134,462,1
2135,462,1
2139,463,1
2140,463,1
2141,463,1
2144,464,1
2145,464,1
2146,464,1
2147,464,1
2151,465,1
2152,465,1
2156,466,1
2157,466,1
2158,467,1
2159,467,1
2160,467,1
2161,467,1
2165,468,1
2166,468,1
2167,468,1
2168,468,1
2176,470,1
2177,470,1
2178,471,1
2179,471,1
2180,471,1
2187,473,1
2188,473,1
2198,476,1
2199,476,1
2200,476,1
2208,478,1
2209,478,1
2213,479,1
2214,479,1
2218,480,1
2219,480,1
2222,481,1
2223,481,1
2224,481,1
2228,482,1
2229,482,1
2230,482,1
2231,483,1
2232,483,1
2233,483,1
2236,484,1
2237,484,1
2238,484,1
2239,484,1
2246,486,1
2247,486,1
2248,486,1
2249,486,1
2255,488,1
2256,488,1
2260,489,1
2261,489,1
2262,489,1
2263,489,1
2268,490,1
2269,490,1
2270,491,1
2271,491,1
2276,492,1
2277,492,1
2281,494,1
2282,494,1
2283,494,1
2284,494,1
2287,496,1
2288,496,1
2292,498,1
2293,498,1
2294,499,1
2295,499,1
2296,500,1
2297,500,1
2298,500,1
2299,500,1
2304,501,1
2305,501,1
2306,501,1
2309,502,1
2310,502,1
2311,502,1
2312,502,1
2316,503,1
2317,503,1
2318,503,1
2319,504,1
2320,504,1
2321,504,1
2322,504,1
2329,506,1
2330,506,1
2331,506,1
2332,506,1
2343,510,1
2344,510,1
2345,510,1
2346,510,1
2347,511,1
2348,511,1
2352,512,1
2353,512,1
2360,514,1
2361,514,1
2373,518,1
2374,518,1
2383,520,1
2384,520,1
2385,521,1
2386,521,1
2387,521,1
2388,521,1
2394,523,1
2395,523,1
2396,524,1
2397,524,1
2402,525,1
2403,525,1
2404,525,1
2405,525,1
2414,527,1
2415,527,1
2420,528,1
2421,528,1
2422,528,1
2423,529,1
2424,529,1
2425,529,1
2426,529,1
2427,530,1
2428,530,1
2429,530,1
2430,531,1
2431,531,1
2432,531,1
2433,531,1
2442,533,1
2443,533,1
2444,533,1
2445,534,1
2446,534,1
2450,535,1
2451,535,1
2452,535,1
2453,535,1
2454,536,1
2455,536,1
2456,536,1
2465,539,1
2466,539,1
2467,540,1
2468,540,1
2469,540,1
2472,542,1
2473,542,1
2474,542,1
2475,542,1
2478,543,1
2479,543,1
2480,544,1
2481,544,1
2484,545,1
2485,545,1
2486,545,1
2487,545,1
2496,548,1
2497,548,1
2498,549,1
2499,549,1
2502,550,1
2503,550,1
2504,550,1
2505,551,1
2506,551,1
2507,551,1
2518,554,1
2519,554,1
2520,554,1
2521,554,1
2525,555,1
2526,555,1
2527,555,1
2532,556,1
2533,556,1
2534,556,1
2539,557,1
2540,557,1
2546,559,1
2547,559,1
2548,559,1
2549,559,1
2554,560,1
2555,560,1
2556,560,1
2559,561,1
2560,561,1
2561,561,1
2562,561,1
2563,562,1
2564,562,1
2565,562,1
2566,562,1
2569,563,1
2570,563,1
2571,563,1
2572,563,1
2579,565,1
2580,565,1
2581,566,1
2582,566,1
2583,567,1
2584,567,1
2587,568,1
2588,568,1
2591,569,1
2592,569,1
2593,570,1
2594,570,1
2598,571,1
2599,571,1
2604,572,1
2605,572,1
2606,572,1
2607,572,1
2612,573,1
2613,573,1
2614,573,1
2615,573,1
2616,574,1
2617,574,1
2621,575,1
2622,575,1
2630,577,1
2631,577,1
2632,577,1
2633,578,1
2634,578,1
2638,579,1
2639,579,1
2640,579,1
2641,579,1
2645,580,1
2646,580,1
2647,580,1
2648,580,1
2651,581,1
2652,581,1
2653,581,1
2656,583,1
2657,583,1
2658,583,1
2661,584,1
2662,584,1
2667,586,1
2668,586,1
2669,586,1
2670,586,1
2675,587,1
2676,587,1
2677,587,1
2686,590,1
2687,590,1
2688,590,1
2696,592,1
2697,592,1
2704,594,1
2705,594,1
2706,594,1
2707,595,1
2708,595,1
2709,595,1
2710,595,1
2715,596,1
2716,596,1
2725,598,1
2726,598,1
2727,598,1
2728,598,1
2729,599,1
2730,599,1
2731,599,1
2734,600,1
2735,600,1
2738,601,1
2739,601,1
2740,601,1
2743,602,1
2744,602,1
2748,603,1
2749,603,1
2750,603,1
2751,603,1
2759,606,1
2760,606,1
2765,608,1
2766,608,1
2771,609,1
2772,609,1
2773,609,1
2774,609,1
2779,610,1
2780,610,1
2784,611,1
2785,611,1
2786,611,1
2787,611,1
2792,613,1
2793,613,1
2794,614,1
2795,614,1
2796,614,1
2804,616,1
2805,616,1
2810,617,1
2811,617,1
2812,617,1
2817,619,1
2818,619,1
2823,620,1
2824,620,1
2828,621,1
2829,621,1
2830,621,1
2831,621,1
2838,623,1
2839,623,1
2843,624,1
2844,624,1
2845,624,1
2850,625,1
2851,625,1
2852,625,1
2864,628,1
2865,628,1
2866,628,1
2876,631,1
2877,631,1
2878,631,1
2881,632,1
2882,632,1
2883,632,1
2893,636,1
2894,636,1
2895,636,1
2896,637,1
2897,637,1
2901,638,1
2902,638,1
2903,638,1
2904,638,1
2915,641,1
2916,641,1
2917,641,1
2922,643,1
2923,643,1
2924,643,1
2928,644,1
2929,644,1
2930,644,1
2935,645,1
2936,645,1
2937,645,1
2941,646,1
2942,646,1
2943,646,1
2946,647,1
2947,647,1
2948,647,1
2952,648,1
2953,648,1
2954,648,1
2955,648,1
2958,649,1
2959,649,1
2964,650,1
2965,650,1
2970,651,1
2971,651,1
2976,652,1
2977,652,1
2978,652,1
2979,652,1
2980,653,1
2981,653,1
2982,654,1
2983,654,1
2986,655,1
2987,655,1
2988,655,1
2994,657,1
2995,657,1
2996,657,1
2997,657,1
3006,660,1
3007,660,1
3010,661,1
3011,661,1
3012,661,1
3013,661,1
3014,662,1
3015,662,1
3018,663,1
3019,663,1
3020,663,1
3023,664,1
3024,664,1
3028,665,1
3029,665,1
3030,665,1
3031,665,1
3035,666,1
3036,666,1
3037,666,1
3040,667,1
3041,667,1
3044,668,1
3045,668,1
3049,670,1
3050,670,1
3051,670,1
3052,670,1
3056,672,1
3057,672,1
3062,673,1
3063,673,1
3066,674,1
3067,674,1
3068,674,1
3069,675,1
3070,675,1
3071,676,1
3072,676,1
3077,677,1
3078,677,1
3079,677,1
3084,678,1
3085,678,1
3086,678,1
3087,678,1
3088,679,1
3089,679,1
3092,680,1
3093,680,1
3098,681,1
3099,681,1
3100,681,1
3104,682,1
3105,682,1
3106,682,1
3107,683,1
3108,683,1
3109,683,1
3110,683,1
3119,686,1
3120,686,1
3121,686,1
3122,686,1
3123,687,1
3124,687,1
3125,687,1
3134,689,1
3135,689,1
3136,689,1
3137,689,1
3140,690,1
3141,690,1
3142,690,1
3143,690,1
3146,691,1
3147,691,1
3148,691,1
3154,693,1
3155,693,1
3159,694,1
3160,694,1
3161,694,1
3162,694,1
3165,695,1
3166,695,1
3167,696,1
3168,696,1
3172,697,1
3173,697,1
3174,697,1
3175,697,1
3180,698,1
3181,698,1
3182,698,1
3183,698,1
3187,699,1
3188,699,1
3192,702,1
3193,702,1
3194,702,1
3195,702,1
3202,704,1
3203,704,1
3207,705,1
3208,705,1
3209,705,1
3210,705,1
3211,706,1
3212,706,1
3217,707,1
3218,707,1
3223,708,1
3224,708,1
3227,709,1
3228,709,1
3233,710,1
3234,710,1
3235,710,1
3236,710,1
3246,715,1
3247,715,1
3248,715,1
3249,715,1
3253,716,1
3254,716,1
3258,717,1
3259,717,1
3264,719,1
3265,719,1
3266,720,1
3267,720,1
3268,720,1
3273,721,1
3274,721,1
3275,722,1
3276,722,1
3279,723,1
3280,723,1
3281,723,1
3282,723,1
3286,724,1
3287,724,1
3292,725,1
3293,725,1
3294,725,1
3301,727,1
3302,727,1
3306,728,1
3307,728,1
3308,728,1
3315,730,1
3316,730,1
3317,730,1
3318,730,1
3326,732,1
3327,732,1
3328,732,1
3329,732,1
3330,733,1
3331,733,1
3332,733,1
3333,733,1
3337,734,1
3338,734,1
3343,735,1
3344,735,1
3345,735,1
3350,736,1
3351,736,1
3352,736,1
3353,736,1
3354,737,1
3355,737,1
3360,738,1
3361,738,1
3362,738,1
3363,738,1
3368,739,1
3369,739,1
3376,741,1
3377,741,1
3378,741,1
3379,741,1
3382,743,1
3383,743,1
3388,744,1
3389,744,1
3393,745,1
3394,745,1
3395,745,1
3396,745,1
3401,746,1
3402,746,1
3406,747,1
3407,747,1
3411,748,1
3412,748,1
3413,748,1
3414,748,1
3419,749,1
3420,749,1
3423,750,1
3424,750,1
3425,750,1
3431,753,1
3432,753,1
3433,753,1
3434,753,1
3441,755,1
3442,755,1
3443,755,1
3444,755,1
3451,757,1
3452,757,1
3453,757,1
3459,759,1
3460,759,1
3465,760,1
3466,760,1
3467,760,1
3479,763,1
3480,763,1
3481,763,1
3484,764,1
3485,764,1
3486,764,1
3487,764,1
3492,765,1
3493,765,1
3494,765,1
3495,765,1
3496,766,1
3497,766,1
3498,766,1
3499,767,1
3500,767,1
3501,767,1
3502,767,1
3507,768,1
3508,768,1
3509,768,1
3518,771,1
3519,771,1
3520,771,1
3525,772,1
3526,772,1
3527,772,1
3528,772,1
3531,773,1
3532,773,1
3533,773,1
3534,773,1
3539,774,1
3540,774,1
3541,774,1
3542,774,1
3543,775,1
3544,775,1
3545,775,1
3548,776,1
3549,776,1
3553,777,1
3554,777,1
3555,777,1
3559,778,1
3560,778,1
3561,778,1
3562,778,1
3572,782,1
3573,782,1
3574,782,1
3578,783,1
3579,783,1
3580,783,1
3581,783,1
3582,784,1
3583,784,1
3584,784,1
3588,785,1
3589,785,1
3590,785,1
3591,785,1
3594,786,1
3595,786,1
3596,786,1
3601,787,1
3602,787,1
3603,787,1
3604,788,1
3605,788,1
3608,789,1
3609,789,1
3610,789,1
3611,789,1
3616,790,1
3617,790,1
3618,790,1
3619,790,1
3623,791,1
3624,791,1
3632,793,1
3633,793,1
3634,793,1
3635,793,1
3636,794,1
3637,794,1
3640,795,1
3641,795,1
3642,795,1
3643,795,1
3644,796,1
3645,796,1
3649,797,1
3650,797,1
3654,798,1
3655,798,1
3658,799,1
3659,799,1
3660,800,1
3661,800,1
3666,803,1
3667,803,1
3668,803,1
3669,803,1
3672,804,1
3673,804,1
3674,804,1
3675,804,1
3679,805,1
3680,805,1
3684,806,1
3685,806,1
3686,806,1
3689,807,1
3690,807,1
3691,807,1
3700,810,1
3701,810,1
3702,810,1
3703,810,1
3707,811,1
3708,811,1
3709,811,1
3710,812,1
3711,812,1
3712,812,1
3720,814,1
3721,814,1
3722,814,1
3727,815,1
3728,815,1
3729,815,1
3730,816,1
3731,816,1
3732,816,1
3733,816,1
3737,817,1
3738,817,1
3739,818,1
3740,818,1
3741,818,1
3744,819,1
3745,819,1
3746,819,1
3747,820,1
3748,820,1
3749,820,1
3750,820,1
3759,823,1
3760,823,1
3761,823,1
3770,825,1
3771,825,1
3772,825,1
3775,827,1
3776,827,1
3785,829,1
3786,829,1
3794,831,1
3795,831,1
3796,831,1
3797,832,1
3798,832,1
3799,832,1
3800,832,1
3801,833,1
3802,833,1
3803,833,1
3811,835,1
3812,835,1
3813,835,1
3814,835,1
3819,836,1
3820,836,1
3821,836,1
3825,838,1
3826,838,1
3833,840,1
3834,840,1
3835,840,1
3836,840,1
3837,841,1
3838,841,1
3839,841,1
3844,842,1
3845,842,1
3848,843,1
3849,843,1
3850,843,1
3851,843,1
3855,844,1
3856,844,1
3859,845,1
3860,845,1
3861,845,1
3862,845,1
3866,846,1
3867,846,1
3868,846,1
3869,846,1
3878,848,1
3879,848,1
3880,848,1
3881,849,1
3882,849,1
3883,849,1
3884,849,1
3889,850,1
3890,850,1
3891,850,1
3896,851,1
3897,851,1
3898,851,1
3902,852,1
3903,852,1
3904,852,1
3905,852,1
3909,853,1
3910,853,1
3911,853,1
3916,855,1
3917,855,1
3920,856,1
3921,856,1
3922,856,1
3923,856,1
3928,857,1
3929,857,1
3930,857,1
3939,859,1
3940,859,1
3941,859,1
3945,861,1
3946,861,1
3947,861,1
3951,862,1
3952,862,1
3953,862,1
3956,863,1
3957,863,1
3958,863,1
3959,863,1
3963,864,1
3964,864,1
3965,864,1
3966,864,1
3969,865,1
3970,865,1
3971,865,1
3972,865,1
3977,867,1
3978,867,1
3979,867,1
3980,867,1
3981,868,1
3982,868,1
3983,868,1
3984,869,1
3985,869,1
3986,869,1
3987,869,1
3991,870,1
3992,870,1
3993,870,1
3994,870,1
3999,871,1
4000,871,1
4007,873,1
4008,873,1
4009,873,1
4010,873,1
4015,875,1
4016,875,1
4017,875,1
4022,876,1
4023,876,1
4024,877,1
4025,877,1
4026,877,1
4033,879,1
4034,879,1
4035,879,1
4036,879,1
4040,880,1
4041,880,1
4042,880,1
4043,880,1
4052,882,1
4053,882,1
4054,882,1
4055,882,1
4061,885,1
4062,885,1
4063,886,1
4064,886,1
4065,886,1
4066,886,1
4067,887,1
4068,887,1
4069,887,1
4070,887,1
4073,888,1
4074,888,1
4075,888,1
4076,888,1
4077,889,1
4078,889,1
4079,889,1
4080,890,1
4081,890,1
4082,890,1
4087,891,1
4088,891,1
4089,891,1
4094,892,1
4095,892,1
4096,892,1
4101,893,1
4102,893,1
4103,893,1
4104,893,1
4109,894,1
4110,894,1
4111,894,1
4114,895,1
4115,895,1
4116,895,1
4117,895,1
4121,896,1
4122,896,1
4125,897,1
4126,897,1
4127,897,1
4128,897,1
4133,898,1
4134,898,1
4135,898,1
4138,899,1
4139,899,1
4140,899,1
4141,900,1
4142,900,1
4145,901,1
4146,901,1
4147,901,1
4148,901,1
4152,902,1
4153,902,1
4154,902,1
4155,902,1
4161,904,1
4162,904,1
4163,905,1
4164,905,1
4165,905,1
4166,906,1
4167,906,1
4171,907,1
4172,907,1
4173,907,1
4174,907,1
4175,908,1
4176,908,1
4181,911,1
4182,911,1
4183,911,1
4184,911,1
4189,912,1
4190,912,1
4191,912,1
4195,913,1
4196,913,1
4197,913,1
4198,913,1
4201,914,1
4202,914,1
4207,915,1
4208,915,1
4209,915,1
4210,915,1
4213,916,1
4214,916,1
4217,917,1
4218,917,1
4219,917,1
4226,919,1
4227,919,1
4228,919,1
4229,919,1
4230,920,1
4231,920,1
4232,920,1
4235,921,1
4236,921,1
4239,922,1
4240,922,1
4241,922,1
4249,924,1
4250,924,1
4254,925,1
4255,925,1
4256,925,1
4261,927,1
4262,927,1
4263,927,1
4264,927,1
4265,928,1
4266,928,1
4267,928,1
4268,929,1
4269,929,1
4270,929,1
4271,929,1
4272,930,1
4273,930,1
4274,930,1
4281,932,1
4282,932,1
4285,933,1
4286,933,1
4287,933,1
4293,936,1
4294,936,1
4299,937,1
4300,937,1
4304,938,1
4305,938,1
4306,938,1
4307,938,1
4314,940,1
4315,940,1
4316,940,1
4317,941,1
4318,941,1
4319,941,1
4320,941,1
4324,942,1
4325,942,1
4328,944,1
4329,944,1
4333,945,1
4334,945,1
4335,945,1
4336,945,1
4345,947,1
4346,947,1
4347,948,1
4348,948,1
4353,949,1
4354,949,1
4355,949,1
4356,949,1
4359,951,1
4360,951,1
4361,951,1
4366,952,1
4367,952,1
4368,952,1
4369,953,1
4370,953,1
4371,953,1
4372,953,1
4375,956,1
4376,956,1
4377,956,1
4378,956,1
4379,957,1
4380,957,1
4381,957,1
4384,958,1
4385,958,1
4386,958,1
4390,959,1
4391,959,1
4395,961,1
4396,961,1
4397,961,1
4400,962,1
4401,962,1
4402,962,1
4403,962,1
4404,963,1
4405,963,1
4409,964,1
4410,964,1
4411,964,1
4414,965,1
4415,965,1
4416,966,1
4417,966,1
4422,967,1
4423,967,1
4424,967,1
4427,968,1
4428,968,1
4429,968,1
4430,969,1
4431,969,1
4432,969,1
4433,969,1
4434,970,1
4435,970,1
4436,970,1
4441,971,1
4442,971,1
4443,971,1
4444,971,1
4445,972,1
4446,972,1
4447,972,1
4451,973,1
4452,973,1
4453,973,1
4454,973,1
4459,974,1
4460,974,1
4461,975,1
4462,975,1
4466,976,1
4467,976,1
4475,978,1
4476,978,1
4477,978,1
4478,979,1
4479,979,1
4480,979,1
4481,979,1
4485,980,1
4486,980,1
4487,980,1
4490,981,1
4491,981,1
4492,981,1
4496,982,1
4497,982,1
4498,982,1
4503,983,1
4504,983,1
4505,983,1
4506,984,1
4507,984,1
4508,985,1
4509,985,1
4510,985,1
4511,985,1
4515,986,1
4516,986,1
4517,986,1
4518,986,1
4521,987,1
4522,987,1
4525,988,1
4526,988,1
4527,988,1
4530,989,1
4531,989,1
4532,989,1
4533,989,1
4538,991,1
4539,991,1
4547,993,1
4548,993,1
4549,993,1
4550,993,1
4554,994,1
4555,994,1
4556,994,1
4557,995,1
4558,995,1
4559,995,1
4560,995,1
4563,996,1
4564,996,1
4565,997,1
4566,997,1
4569,999,1
4570,999,1
4574,1000,1
4575,1000,1
4576,1000,1
4577,1000,1
5,1,2
6,1,2
7,1,2
8,1,2
9,2,2
10,2,2
11,2,2
12,3,2
13,3,2
14,3,2
15,3,2
20,4,2
21,4,2
22,4,2
23,5,2
24,5,2
25,5,2
29,6,2
30,6,2
31,6,2
34,7,2
35,7,2
36,7,2
37,8,2
38,8,2
39,8,2
40,8,2
44,9,2
45,9,2
50,10,2
51,10,2
52,10,2
57,11,2
58,11,2
59,11,2
63,12,2
64,12,2
65,12,2
66,12,2
67,13,2
68,13,2
69,13,2
70,13,2
73,15,2
74,15,2
75,15,2
76,15,2
79,16,2
80,16,2
84,17,2
85,17,2
86,17,2
90,18,2
91,18,2
92,18,2
97,19,2
98,19,2
104,21,2
105,21,2
106,21,2
107,21,2
112,22,2
113,22,2
114,22,2
118,23,2
119,23,2
128,25,2
129,25,2
132,26,2
133,26,2
134,26,2
150,31,2
151,31,2
152,31,2
153,31,2
154,32,2
155,32,2
156,34,2
157,34,2
158,34,2
159,34,2
164,35,2
165,35,2
166,35,2
171,37,2
172,37,2
173,37,2
177,39,2
178,39,2
179,39,2
180,39,2
181,40,2
182,40,2
183,40,2
184,40,2
185,42,2
186,42,2
187,42,2
188,42,2
192,43,2
193,43,2
194,43,2
195,43,2
198,44,2
199,44,2
200,44,2
205,45,2
206,45,2
207,46,2
208,46,2
209,46,2
210,47,2
211,47,2
214,48,2
215,48,2
219,49,2
220,49,2
221,49,2
225,50,2
226,50,2
229,51,2
230,51,2
231,51,2
232,51,2
233,52,2
234,52,2
240,54,2
241,54,2
246,55,2
247,55,2
251,56,2
252,56,2
257,57,2
258,57,2
259,57,2
260,58,2
261,58,2
262,58,2
263,58,2
267,59,2
268,59,2
276,61,2
277,61,2
278,62,2
279,62,2
282,63,2
283,63,2
284,64,2
285,64,2
286,64,2
287,65,2
288,65,2
289,65,2
290,65,2
296,67,2
297,67,2
298,67,2
299,67,2
302,68,2
303,68,2
308,69,2
309,69,2
310,69,2
311,69,2
314,70,2
315,70,2
316,71,2
317,71,2
318,71,2
319,71,2
324,72,2
325,72,2
330,73,2
331,73,2
332,73,2
333,73,2
337,74,2
338,74,2
339,75,2
340,75,2
341,75,2
349,77,2
350,77,2
354,78,2
355,78,2
356,78,2
357,78,2
361,79,2
362,79,2
363,79,2
377,83,2
378,83,2
383,85,2
384,85,2
385,85,2
386,85,2
391,86,2
392,86,2
393,86,2
394,86,2
395,88,2
396,88,2
397,88,2
398,88,2
402,89,2
403,89,2
404,89,2
408,90,2
409,90,2
410,90,2
415,91,2
416,91,2
417,91,2
418,91,2
421,92,2
422,92,2
423,93,2
424,93,2
425,93,2
430,95,2
431,95,2
432,95,2
440,97,2
441,97,2
448,99,2
449,99,2
450,99,2
455,100,2
456,100,2
461,101,2
462,101,2
463,102,2
464,102,2
469,103,2
470,103,2
471,103,2
472,103,2
473,104,2
474,104,2
475,104,2
478,105,2
479,105,2
480,105,2
483,107,2
484,107,2
489,109,2
490,109,2
491,109,2
492,109,2
497,111,2
498,111,2
499,111,2
500,111,2
505,112,2
506,112,2
507,112,2
508,113,2
509,113,2
510,113,2
511,113,2
516,114,2
517,114,2
518,114,2
522,115,2
523,115,2
524,115,2
525,115,2
528,116,2
529,116,2
530,116,2
531,116,2
536,117,2
537,117,2
542,118,2
543,118,2
547,119,2
548,119,2
549,119,2
550,119,2
557,121,2
558,121,2
559,121,2
564,122,2
565,122,2
566,122,2
569,123,2
570,123,2
571,123,2
572,124,2
573,124,2
574,124,2
575,125,2
576,125,2
577,126,2
578,126,2
579,126,2
584,127,2
585,127,2
586,127,2
587,127,2
591,129,2
592,129,2
593,129,2
596,130,2
597,130,2
598,130,2
599,130,2
604,131,2
605,131,2
610,132,2
611,132,2
614,133,2
615,133,2
616,134,2
617,134,2
618,134,2
622,135,2
623,135,2
624,135,2
625,135,2
629,137,2
630,137,2
631,137,2
632,137,2
635,138,2
636,138,2
637,138,2
642,139,2
643,139,2
646,140,2
647,140,2
648,140,2
652,141,2
653,141,2
657,142,2
658,142,2
663,143,2
664,143,2
665,143,2
666,145,2
667,145,2
668,145,2
675,147,2
676,147,2
677,147,2
681,149,2
682,149,2
683,149,2
686,150,2
687,150,2
688,150,2
689,150,2
692,151,2
693,151,2
705,154,2
706,154,2
707,154,2
708,154,2
711,155,2
712,155,2
713,155,2
714,156,2
715,156,2
716,157,2
717,157,2
718,157,2
721,158,2
722,158,2
723,158,2
728,159,2
729,159,2
730,159,2
733,160,2
734,160,2
735,160,2
741,162,2
742,162,2
743,162,2
744,162,2
745,163,2
746,163,2
747,163,2
750,164,2
751,164,2
752,164,2
756,165,2
757,165,2
762,166,2
763,166,2
768,167,2
769,167,2
770,167,2
775,169,2
776,169,2
779,170,2
780,170,2
781,170,2
782,170,2
787,172,2
788,172,2
789,172,2
793,173,2
794,173,2
799,174,2
800,174,2
801,174,2
802,174,2
805,175,2
806,175,2
807,175,2
810,176,2
811,176,2
812,176,2
813,176,2
814,177,2
815,177,2
816,177,2
823,180,2
824,180,2
828,181,2
829,181,2
830,181,2
831,181,2
837,183,2
838,183,2
839,183,2
842,184,2
843,184,2
844,184,2
849,186,2
850,186,2
851,187,2
852,187,2
853,187,2
859,189,2
860,189,2
861,189,2
862,189,2
863,190,2
864,190,2
865,190,2
866,190,2
870,191,2
871,191,2
872,191,2
877,193,2
878,193,2
879,193,2
880,193,2
883,194,2
884,194,2
893,199,2
894,199,2
895,199,2
896,199,2
901,200,2
902,200,2
903,200,2
904,200,2
912,203,2
913,203,2
914,203,2
915,203,2
920,204,2
921,204,2
930,206,2
931,206,2
932,206,2
933,206,2
945,210,2
946,210,2
947,210,2
953,212,2
954,212,2
959,214,2
960,214,2
961,214,2
962,214,2
966,215,2
967,215,2
968,215,2
971,216,2
972,216,2
973,216,2
978,218,2
979,218,2
980,218,2
989,220,2
990,220,2
991,220,2
992,220,2
995,222,2
996,222,2
997,222,2
998,222,2
999,223,2
1000,223,2
1008,226,2
1009,226,2
1010,226,2
1014,227,2
1015,227,2
1019,228,2
1020,228,2
1021,228,2
1022,228,2
1025,229,2
1026,229,2
1033,231,2
1034,231,2
1035,231,2
1036,231,2
1040,232,2
1041,232,2
1046,233,2
1047,233,2
1052,234,2
1053,234,2
1054,234,2
1057,235,2
1058,235,2
1059,235,2
1060,235,2
1061,236,2
1062,236,2
1063,236,2
1064,236,2
1073,239,2
1074,239,2
1075,239,2
1076,239,2
1077,240,2
1078,240,2
1079,240,2
1086,242,2
1087,242,2
1088,242,2
1091,243,2
1092,243,2
1093,243,2
1094,243,2
1099,244,2
1100,244,2
1101,244,2
1105,245,2
1106,245,2
1107,245,2
1108,245,2
1109,246,2
1110,246,2
1111,246,2
1115,247,2
1116,247,2
1117,247,2
1118,247,2
1119,248,2
1120,248,2
1123,249,2
1124,249,2
1125,249,2
1126,249,2
1127,250,2
1128,250,2
1129,250,2
1130,250,2
1133,251,2
1134,251,2
1135,251,2
1139,252,2
1140,252,2
1141,252,2
1146,253,2
1147,253,2
1150,254,2
1151,254,2
1152,254,2
1157,255,2
1158,255,2
1159,256,2
1160,256,2
1161,256,2
1162,257,2
1163,257,2
1164,257,2
1165,258,2
1166,258,2
1167,258,2
1168,258,2
1171,260,2
1172,260,2
1173,260,2
1174,260,2
1177,262,2
1178,262,2
1183,263,2
1184,263,2
1185,263,2
1186,264,2
1187,264,2
1196,266,2
1197,266,2
1198,266,2
1199,266,2
1204,267,2
1205,267,2
1206,268,2
1207,268,2
1210,269,2
1211,269,2
1212,269,2
1213,269,2
1217,270,2
1218,270,2
1219,270,2
1220,270,2
1224,271,2
1225,271,2
1234,273,2
1235,273,2
1236,273,2
1240,274,2
1241,274,2
1242,274,2
1243,274,2
1247,275,2
1248,275,2
1264,280,2
1265,280,2
1268,281,2
1269,281,2
1270,281,2
1271,281,2
1275,282,2
1276,282,2
1277,282,2
1284,284,2
1285,284,2
1286,284,2
1287,284,2
1291,285,2
1292,285,2
1293,285,2
1294,285,2
1297,286,2
1298,286,2
1299,286,2
1302,287,2
1303,287,2
1306,288,2
1307,288,2
1308,288,2
1309,288,2
1322,292,2
1323,292,2
1324,292,2
1327,293,2
1328,293,2
1329,293,2
1332,294,2
1333,294,2
1334,294,2
1339,295,2
1340,295,2
1341,295,2
1342,295,2
1347,297,2
1348,297,2
1351,298,2
1352,298,2
1353,298,2
1360,300,2
1361,300,2
1362,300,2
1363,300,2
1368,301,2
1369,301,2
1370,301,2
1371,301,2
1374,302,2
1375,302,2
1376,302,2
1377,302,2
1382,303,2
1383,303,2
1388,304,2
1389,304,2
1394,305,2
1395,305,2
1396,305,2
1403,307,2
1404,307,2
1405,307,2
1408,308,2
1409,308,2
1412,309,2
1413,309,2
1414,309,2
1415,309,2
1421,311,2
1422,311,2
1423,311,2
1424,311,2
1425,312,2
1426,312,2
1427,312,2
1432,313,2
1433,313,2
1436,314,2
1437,314,2
1438,314,2
1439,314,2
1440,315,2
1441,315,2
1442,315,2
1443,316,2
1444,316,2
1449,317,2
1450,317,2
1451,317,2
1455,319,2
1456,319,2
1457,319,2
1458,319,2
1462,320,2
1463,320,2
1464,320,2
1465,320,2
1474,322,2
1475,322,2
1476,323,2
1477,323,2
1478,323,2
1479,323,2
1483,324,2
1484,324,2
1487,326,2
1488,326,2
1489,326,2
1490,326,2
1495,327,2
1496,327,2
1497,328,2
1498,328,2
1499,328,2
1500,328,2
1504,329,2
1505,329,2
1506,329,2
1511,330,2
1512,330,2
1513,330,2
1518,331,2
1519,331,2
1520,331,2
1521,331,2
1524,333,2
1525,333,2
1528,334,2
1529,334,2
1530,334,2
1531,334,2
1537,336,2
1538,336,2
1541,337,2
1542,337,2
1543,338,2
1544,338,2
1545,338,2
1546,339,2
1547,339,2
1548,339,2
1555,341,2
1556,341,2
1557,341,2
1558,341,2
1568,344,2
1569,344,2
1573,345,2
1574,345,2
1577,346,2
1578,346,2
1579,346,2
1580,346,2
1585,348,2
1586,348,2
1587,348,2
1588,348,2
1593,349,2
1594,349,2
1595,349,2
1600,350,2
1601,350,2
1602,350,2
1603,350,2
1607,351,2
1608,351,2
1609,351,2
1610,352,2
1611,352,2
1612,352,2
1613,352,2
1616,353,2
1617,353,2
1618,353,2
1619,353,2
1623,354,2
1624,354,2
1625,355,2
1626,355,2
1631,356,2
1632,356,2
1633,356,2
1634,356,2
1635,357,2
1636,357,2
1637,357,2
1638,357,2
1643,358,2
1644,358,2
1645,358,2
1646,358,2
1655,361,2
1656,361,2
1657,361,2
1658,361,2
1664,363,2
1665,363,2
1666,363,2
1672,365,2
1673,365,2
1678,366,2
1679,366,2
1680,366,2
1685,367,2
1686,367,2
1687,367,2
1694,369,2
1695,369,2
1696,369,2
1697,369,2
1701,370,2
1702,370,2
1711,373,2
1712,373,2
1716,374,2
1717,374,2
1718,374,2
1719,374,2
1726,376,2
1727,376,2
1728,376,2
1732,377,2
1733,377,2
1734,377,2
1739,378,2
1740,378,2
1741,378,2
1742,378,2
1743,379,2
1744,379,2
1745,379,2
1746,379,2
1749,380,2
1750,380,2
1751,380,2
1754,381,2
1755,381,2
1756,381,2
1761,382,2
1762,382,2
1763,382,2
1764,382,2
1768,383,2
1769,383,2
1770,384,2
1771,384,2
1772,384,2
1775,385,2
1776,385,2
1777,385,2
1781,387,2
1782,387,2
1783,387,2
1787,388,2
1788,388,2
1789,388,2
1792,389,2
1793,389,2
1801,391,2
1802,391,2
1803,391,2
1808,392,2
1809,392,2
1819,395,2
1820,395,2
1821,395,2
1822,396,2
1823,396,2
1824,396,2
1825,396,2
1829,397,2
1830,397,2
1831,397,2
1832,397,2
1833,398,2
1834,398,2
1835,398,2
1836,398,2
1837,399,2
1838,399,2
1846,402,2
1847,402,2
1848,402,2
1853,403,2
1854,403,2
1855,403,2
1856,403,2
1857,405,2
1858,405,2
1861,406,2
1862,406,2
1863,406,2
1864,406,2
1871,408,2
1872,408,2
1873,408,2
1878,409,2
1879,409,2
1880,409,2
1884,410,2
1885,410,2
1892,412,2
1893,412,2
1894,412,2
1895,412,2
1902,414,2
1903,414,2
1904,414,2
1908,415,2
1909,415,2
1910,415,2
1913,416,2
1914,416,2
1915,416,2
1916,416,2
1921,417,2
1922,417,2
1927,418,2
1928,418,2
1929,418,2
1930,418,2
1933,420,2
1934,420,2
1935,420,2
1936,421,2
1937,421,2
1938,421,2
1939,421,2
1940,422,2
1941,422,2
1944,423,2
1945,423,2
1949,424,2
1950,424,2
1951,425,2
1952,425,2
1953,426,2
1954,426,2
1955,426,2
1964,428,2
1965,428,2
1968,429,2
1969,429,2
1970,429,2
1971,429,2
1972,430,2
1973,430,2
1974,430,2
1975,430,2
1976,431,2
1977,431,2
1978,431,2
1982,432,2
1983,432,2
1988,433,2
1989,433,2
1994,434,2
1995,434,2
1996,434,2
1997,434,2
2003,436,2
2004,436,2
2005,436,2
2008,437,2
2009,437,2
2010,437,2
2011,437,2
2014,438,2
2015,438,2
2016,438,2
2021,439,2
2022,439,2
2025,440,2
2026,440,2
2035,443,2
2036,443,2
2037,443,2
2038,443,2
2043,444,2
2044,444,2
2045,444,2
2046,444,2
2050,445,2
2051,445,2
2052,445,2
2055,446,2
2056,446,2
2061,447,2
2062,447,2
2063,447,2
2066,448,2
2067,448,2
2068,448,2
2069,449,2
2070,449,2
2071,449,2
2072,449,2
2076,450,2
2077,450,2
2078,450,2
2079,450,2
2082,451,2
2083,451,2
2084,451,2
2085,452,2
2086,452,2
2087,452,2
2088,452,2
2092,453,2
2093,453,2
2102,456,2
2103,456,2
2104,456,2
2105,456,2
2108,457,2
2109,457,2
2110,457,2
2111,457,2
2114,458,2
2115,458,2
2116,458,2
2117,458,2
2118,459,2
2119,459,2
2124,460,2
2125,460,2
2126,460,2
2127,460,2
2130,461,2
2131,461,2
2132,461,2
2133,461,2
2136,462,2
2137,462,2
2138,462,2
2142,463,2
2143,463,2
2148,464,2
2149,464,2
2150,464,2
2153,465,2
2154,465,2
2155,465,2
2162,467,2
2163,467,2
2164,467,2
2169,468,2
2170,468,2
2171,468,2
2172,468,2
2173,469,2
2174,469,2
2175,469,2
2181,471,2
2182,471,2
2183,471,2
2184,471,2
2185,472,2
2186,472,2
2189,473,2
2190,473,2
2191,473,2
2192,474,2
2193,474,2
2194,474,2
2195,474,2
2196,475,2
2197,475,2
2201,476,2
2202,476,2
2203,476,2
2204,476,2
2205,477,2
2206,477,2
2207,477,2
2210,478,2
2211,478,2
2212,478,2
2215,479,2
2216,479,2
2217,479,2
2220,480,2
2221,480,2
2225,481,2
2226,481,2
2227,481,2
2234,483,2
2235,483,2
2240,484,2
2241,484,2
2242,484,2
2243,485,2
2244,485,2
2245,485,2
2250,486,2
2251,486,2
2252,487,2
2253,487,2
2254,487,2
2257,488,2
2258,488,2
2259,488,2
2264,489,2
2265,489,2
2266,489,2
2267,489,2
2272,491,2
2273,491,2
2274,491,2
2275,491,2
2278,493,2
2279,493,2
2280,493,2
2285,494,2
2286,494,2
2289,496,2
2290,496,2
2291,496,2
2300,500,2
2301,500,2
2302,500,2
2303,500,2
2307,501,2
2308,501,2
2313,502,2
2314,502,2
2315,502,2
2323,504,2
2324,504,2
2325,505,2
2326,505,2
2327,505,2
2328,505,2
2333,506,2
2334,506,2
2335,507,2
2336,507,2
2337,508,2
2338,508,2
2339,508,2
2340,509,2
2341,509,2
2342,509,2
2349,511,2
2350,511,2
2351,511,2
2354,512,2
2355,512,2
2356,512,2
2357,512,2
2358,513,2
2359,513,2
2362,514,2
2363,514,2
2364,514,2
2365,514,2
2366,515,2
2367,515,2
2368,516,2
2369,516,2
2370,516,2
2371,517,2
2372,517,2
2375,518,2
2376,518,2
2377,518,2
2378,518,2
2379,519,2
2380,519,2
2381,519,2
2382,519,2
2389,521,2
2390,521,2
2391,521,2
2392,522,2
2393,522,2
2398,524,2
2399,524,2
2400,524,2
2401,524,2
2406,525,2
2407,525,2
2408,525,2
2409,525,2
2410,526,2
2411,526,2
2412,526,2
2413,526,2
2416,527,2
2417,527,2
2418,527,2
2419,527,2
2434,531,2
2435,531,2
2436,531,2
2437,531,2
2438,532,2
2439,532,2
2440,532,2
2441,532,2
2447,534,2
2448,534,2
2449,534,2
2457,536,2
2458,536,2
2459,537,2
2460,537,2
2461,537,2
2462,538,2
2463,538,2
2464,538,2
2470,541,2
2471,541,2
2476,542,2
2477,542,2
2482,544,2
2483,544,2
2488,545,2
2489,545,2
2490,546,2
2491,546,2
2492,546,2
2493,546,2
2494,547,2
2495,547,2
2500,549,2
2501,549,2
2508,551,2
2509,551,2
2510,551,2
2511,552,2
2512,552,2
2513,552,2
2514,552,2
2515,553,2
2516,553,2
2517,553,2
2522,554,2
2523,554,2
2524,554,2
2528,555,2
2529,555,2
2530,555,2
2531,555,2
2535,556,2
2536,556,2
2537,556,2
2538,556,2
2541,557,2
2542,557,2
2543,557,2
2544,558,2
2545,558,2
2550,559,2
2551,559,2
2552,559,2
2553,559,2
2557,560,2
2558,560,2
2567,562,2
2568,562,2
2573,563,2
2574,563,2
2575,563,2
2576,564,2
2577,564,2
2578,564,2
2585,567,2
2586,567,2
2589,568,2
2590,568,2
2595,570,2
2596,570,2
2597,570,2
2600,571,2
2601,571,2
2602,571,2
2603,571,2
2608,572,2
2609,572,2
2610,572,2
2611,572,2
2618,574,2
2619,574,2
2620,574,2
2623,575,2
2624,575,2
2625,575,2
2626,575,2
2627,576,2
2628,576,2
2629,576,2
2635,578,2
2636,578,2
2637,578,2
2642,579,2
2643,579,2
2644,579,2
2649,580,2
2650,580,2
2654,582,2
2655,582,2
2659,583,2
2660,583,2
2663,585,2
2664,585,2
2665,585,2
2666,585,2
2671,586,2
2672,586,2
2673,586,2
2674,586,2
2678,588,2
2679,588,2
2680,588,2
2681,588,2
2682,589,2
2683,589,2
2684,589,2
2685,589,2
2689,590,2
2690,590,2
2691,590,2
2692,590,2
2693,591,2
2694,591,2
2695,591,2
2698,592,2
2699,592,2
2700,593,2
2701,593,2
2702,593,2
2703,593,2
2711,595,2
2712,595,2
2713,595,2
2714,595,2
2717,596,2
2718,596,2
2719,596,2
2720,596,2
2721,597,2
2722,597,2
2723,597,2
2724,597,2
2732,599,2
2733,599,2
2736,600,2
2737,600,2
2741,601,2
2742,601,2
2745,602,2
2746,602,2
2747,602,2
2752,603,2
2753,603,2
2754,604,2
2755,604,2
2756,604,2
2757,605,2
2758,605,2
2761,606,2
2762,606,2
2763,606,2
2764,606,2
2767,608,2
2768,608,2
2769,608,2
2770,608,2
2775,609,2
2776,609,2
2777,609,2
2778,609,2
2781,610,2
2782,610,2
2783,610,2
2788,611,2
2789,611,2
2790,612,2
2791,612,2
2797,614,2
2798,614,2
2799,614,2
2800,615,2
2801,615,2
2802,615,2
2803,615,2
2806,616,2
2807,616,2
2808,616,2
2809,616,2
2813,618,2
2814,618,2
2815,618,2
2816,618,2
2819,619,2
2820,619,2
2821,619,2
2822,619,2
2825,620,2
2826,620,2
2827,620,2
2832,621,2
2833,621,2
2834,621,2
2835,621,2
2836,622,2
2837,622,2
2840,623,2
2841,623,2
2842,623,2
2846,624,2
2847,624,2
2848,624,2
2849,624,2
2853,625,2
2854,625,2
2855,625,2
2856,625,2
2857,626,2
2858,626,2
2859,626,2
2860,626,2
2861,627,2
2862,627,2
2863,627,2
2867,628,2
2868,628,2
2869,629,2
2870,629,2
2871,629,2
2872,629,2
2873,630,2
2874,630,2
2875,630,2
2879,631,2
2880,631,2
2884,633,2
2885,633,2
2886,633,2
2887,634,2
2888,634,2
2889,634,2
2890,634,2
2891,635,2
2892,635,2
2898,637,2
2899,637,2
2900,637,2
2905,638,2
2906,638,2
2907,638,2
2908,638,2
2909,639,2
2910,639,2
2911,639,2
2912,640,2
2913,640,2
2914,640,2
2918,641,2
2919,641,2
2920,641,2
2921,641,2
2925,643,2
2926,643,2
2927,643,2
2931,644,2
2932,644,2
2933,644,2
2934,644,2
2938,645,2
2939,645,2
2940,645,2
2944,646,2
2945,646,2
2949,647,2
2950,647,2
2951,647,2
2956,648,2
2957,648,2
2960,649,2
2961,649,2
2962,649,2
2963,649,2
2966,650,2
2967,650,2
2968,650,2
2969,650,2
2972,651,2
2973,651,2
2974,651,2
2975,651,2
2984,654,2
2985,654,2
2989,655,2
2990,655,2
2991,655,2
2992,656,2
2993,656,2
2998,657,2
2999,657,2
3000,658,2
3001,658,2
3002,658,2
3003,658,2
3004,659,2
3005,659,2
3008,660,2
3009,660,2
3016,662,2
3017,662,2
3021,663,2
3022,663,2
3025,664,2
3026,664,2
3027,664,2
3032,665,2
3033,665,2
3034,665,2
3038,666,2
3039,666,2
3042,667,2
3043,667,2
3046,668,2
3047,668,2
3048,668,2
3053,670,2
3054,670,2
3055,670,2
3058,672,2
3059,672,2
3060,672,2
3061,672,2
3064,673,2
3065,673,2
3073,676,2
3074,676,2
3075,676,2
3076,676,2
3080,677,2
3081,677,2
3082,677,2
3083,677,2
3090,679,2
3091,679,2
3094,680,2
3095,680,2
3096,680,2
3097,680,2
3101,681,2
3102,681,2
3103,681,2
3111,683,2
3112,683,2
3113,683,2
3114,683,2
3115,684,2
3116,684,2
3117,685,2
3118,685,2
3126,687,2
3127,687,2
3128,687,2
3129,687,2
3130,688,2
3131,688,2
3132,688,2
3133,688,2
3138,689,2
3139,689,2
3144,690,2
3145,690,2
3149,691,2
3150,691,2
3151,692,2
3152,692,2
3153,692,2
3156,693,2
3157,693,2
3158,693,2
3163,694,2
3164,694,2
3169,696,2
3170,696,2
3171,696,2
3176,697,2
3177,697,2
3178,697,2
3179,697,2
3184,698,2
3185,698,2
3186,698,2
3189,700,2
3190,700,2
3191,700,2
3196,702,2
3197,702,2
3198,702,2
3199,702,2
3200,703,2
3201,703,2
3204,704,2
3205,704,2
3206,704,2
3213,706,2
3214,706,2
3215,706,2
3216,706,2
3219,707,2
3220,707,2
3221,707,2
3222,707,2
3225,708,2
3226,708,2
3229,709,2
3230,709,2
3231,709,2
3232,709,2
3237,710,2
3238,710,2
3239,711,2
3240,711,2
3241,711,2
3242,711,2
3243,714,2
3244,714,2
3245,714,2
3250,715,2
3251,715,2
3252,715,2
3255,716,2
3256,716,2
3257,716,2
3260,717,2
3261,717,2
3262,718,2
3263,718,2
3269,720,2
3270,720,2
3271,720,2
3272,720,2
3277,722,2
3278,722,2
3283,723,2
3284,723,2
3285,723,2
3288,724,2
3289,724,2
3290,724,2
3291,724,2
3295,725,2
3296,725,2
3297,725,2
3298,726,2
3299,726,2
3300,726,2
3303,727,2
3304,727,2
3305,727,2
3309,728,2
3310,728,2
3311,729,2
3312,729,2
3313,729,2
3314,729,2
3319,730,2
3320,730,2
3321,730,2
3322,730,2
3323,731,2
3324,731,2
3325,731,2
3334,733,2
3335,733,2
3336,733,2
3339,734,2
3340,734,2
3341,734,2
3342,734,2
3346,735,2
3347,735,2
3348,735,2
3349,735,2
3356,737,2
3357,737,2
3358,737,2
3359,737,2
3364,738,2
3365,738,2
3366,738,2
3367,738,2
3370,739,2
3371,739,2
3372,739,2
3373,740,2
3374,740,2
3375,740,2
3380,741,2
3381,741,2
3384,743,2
3385,743,2
3386,743,2
3387,743,2
3390,744,2
3391,744,2
3392,744,2
3397,745,2
3398,745,2
3399,745,2
3400,745,2
3403,746,2
3404,746,2
3405,746,2
3408,747,2
3409,747,2
3410,747,2
3415,748,2
3416,748,2
3417,748,2
3418,748,2
3421,749,2
3422,749,2
3426,751,2
3427,751,2
3428,752,2
3429,752,2
3430,752,2
3435,753,2
3436,753,2
3437,753,2
3438,753,2
3439,754,2
3440,754,2
3445,755,2
3446,755,2
3447,755,2
3448,756,2
3449,756,2
3450,756,2
3454,757,2
3455,757,2
3456,758,2
3457,758,2
3458,758,2
3461,759,2
3462,759,2
3463,759,2
3464,759,2
3468,760,2
3469,760,2
3470,760,2
3471,760,2
3472,761,2
3473,761,2
3474,761,2
3475,762,2
3476,762,2
3477,762,2
3478,762,2
3482,763,2
3483,763,2
3488,764,2
3489,764,2
3490,764,2
3491,764,2
3503,767,2
3504,767,2
3505,767,2
3506,767,2
3510,768,2
3511,768,2
3512,768,2
3513,769,2
3514,769,2
3515,770,2
3516,770,2
3517,770,2
3521,771,2
3522,771,2
3523,771,2
3524,771,2
3529,772,2
3530,772,2
3535,773,2
3536,773,2
3537,773,2
3538,773,2
3546,775,2
3547,775,2
3550,776,2
3551,776,2
3552,776,2
3556,777,2
3557,777,2
3558,777,2
3563,778,2
3564,778,2
3565,779,2
3566,779,2
3567,780,2
3568,780,2
3569,780,2
3570,781,2
3571,781,2
3575,782,2
3576,782,2
3577,782,2
3585,784,2
3586,784,2
3587,784,2
3592,785,2
3593,785,2
3597,786,2
3598,786,2
3599,786,2
3600,786,2
3606,788,2
3607,788,2
3612,789,2
3613,789,2
3614,789,2
3615,789,2
3620,790,2
3621,790,2
3622,790,2
3625,791,2
3626,791,2
3627,791,2
3628,791,2
3629,792,2
3630,792,2
3631,792,2
3638,794,2
3639,794,2
3646,796,2
3647,796,2
3648,796,2
3651,797,2
3652,797,2
3653,797,2
3656,798,2
3657,798,2
3662,800,2
3663,800,2
3664,800,2
3665,800,2
3670,803,2
3671,803,2
3676,804,2
3677,804,2
3678,804,2
3681,805,2
3682,805,2
3683,805,2
3687,806,2
3688,806,2
3692,807,2
3693,807,2
3694,808,2
3695,808,2
3696,809,2
3697,809,2
3698,809,2
3699,809,2
3704,810,2
3705,810,2
3706,810,2
3713,812,2
3714,812,2
3715,812,2
3716,813,2
3717,813,2
3718,813,2
3719,813,2
3723,814,2
3724,814,2
3725,814,2
3726,814,2
3734,816,2
3735,816,2
3736,816,2
3742,818,2
3743,818,2
3751,820,2
3752,820,2
3753,821,2
3754,821,2
3755,821,2
3756,821,2
3757,822,2
3758,822,2
3762,823,2
3763,823,2
3764,823,2
3765,823,2
3766,824,2
3767,824,2
3768,824,2
3769,824,2
3773,826,2
3774,826,2
3777,827,2
3778,827,2
3779,827,2
3780,827,2
3781,828,2
3782,828,2
3783,828,2
3784,828,2
3787,829,2
3788,829,2
3789,829,2
3790,830,2
3791,830,2
3792,830,2
3793,830,2
3804,833,2
3805,833,2
3806,833,2
3807,833,2
3808,834,2
3809,834,2
3810,834,2
3815,835,2
3816,835,2
3817,835,2
3818,835,2
3822,837,2
3823,837,2
3824,837,2
3827,838,2
3828,838,2
3829,838,2
3830,838,2
3831,839,2
3832,839,2
3840,841,2
3841,841,2
3842,841,2
3843,841,2
3846,842,2
3847,842,2
3852,843,2
3853,843,2
3854,843,2
3857,844,2
3858,844,2
3863,845,2
3864,845,2
3865,845,2
3870,846,2
3871,846,2
3872,846,2
3873,846,2
3874,847,2
3875,847,2
3876,847,2
3877,847,2
3885,849,2
3886,849,2
3887,849,2
3888,849,2
3892,850,2
3893,850,2
3894,850,2
3895,850,2
3899,851,2
3900,851,2
3901,851,2
3906,852,2
3907,852,2
3908,852,2
3912,854,2
3913,854,2
3914,854,2
3915,854,2
3918,855,2
3919,855,2
3924,856,2
3925,856,2
3926,856,2
3927,856,2
3931,857,2
3932,857,2
3933,857,2
3934,857,2
3935,858,2
3936,858,2
3937,858,2
3938,858,2
3942,859,2
3943,859,2
3944,859,2
3948,861,2
3949,861,2
3950,861,2
3954,862,2
3955,862,2
3960,863,2
3961,863,2
3962,863,2
3967,864,2
3968,864,2
3973,865,2
3974,865,2
3975,866,2
3976,866,2
3988,869,2
3989,869,2
3990,869,2
3995,870,2
3996,870,2
3997,870,2
3998,870,2
4001,871,2
4002,871,2
4003,871,2
4004,872,2
4005,872,2
4006,872,2
4011,873,2
4012,873,2
4013,873,2
4014,873,2
4018,875,2
4019,875,2
4020,875,2
4021,875,2
4027,877,2
4028,877,2
4029,878,2
4030,878,2
4031,878,2
4032,878,2
4037,879,2
4038,879,2
4039,879,2
4044,880,2
4045,880,2
4046,880,2
4047,880,2
4048,881,2
4049,881,2
4050,881,2
4051,881,2
4056,883,2
4057,883,2
4058,884,2
4059,884,2
4060,884,2
4071,887,2
4072,887,2
4083,890,2
4084,890,2
4085,890,2
4086,890,2
4090,891,2
4091,891,2
4092,891,2
4093,891,2
4097,892,2
4098,892,2
4099,892,2
4100,892,2
4105,893,2
4106,893,2
4107,893,2
4108,893,2
4112,894,2
4113,894,2
4118,895,2
4119,895,2
4120,895,2
4123,896,2
4124,896,2
4129,897,2
4130,897,2
4131,897,2
4132,897,2
4136,898,2
4137,898,2
4143,900,2
4144,900,2
4149,901,2
4150,901,2
4151,901,2
4156,902,2
4157,902,2
4158,902,2
4159,903,2
4160,903,2
4168,906,2
4169,906,2
4170,906,2
4177,908,2
4178,908,2
4179,910,2
4180,910,2
4185,911,2
4186,911,2
4187,911,2
4188,911,2
4192,912,2
4193,912,2
4194,912,2
4199,913,2
4200,913,2
4203,914,2
4204,914,2
4205,914,2
4206,914,2
4211,915,2
4212,915,2
4215,916,2
4216,916,2
4220,917,2
4221,917,2
4222,918,2
4223,918,2
4224,918,2
4225,918,2
4233,920,2
4234,920,2
4237,921,2
4238,921,2
4242,922,2
4243,922,2
4244,922,2
4245,922,2
4246,923,2
4247,923,2
4248,923,2
4251,924,2
4252,924,2
4253,924,2
4257,925,2
4258,925,2
4259,926,2
4260,926,2
4275,930,2
4276,930,2
4277,930,2
4278,931,2
4279,931,2
4280,931,2
4283,932,2
4284,932,2
4288,934,2
4289,934,2
4290,934,2
4291,935,2
4292,935,2
4295,936,2
4296,936,2
4297,936,2
4298,936,2
4301,937,2
4302,937,2
4303,937,2
4308,938,2
4309,938,2
4310,939,2
4311,939,2
4312,939,2
4313,939,2
4321,941,2
4322,941,2
4323,941,2
4326,942,2
4327,942,2
4330,944,2
4331,944,2
4332,944,2
4337,945,2
4338,945,2
4339,945,2
4340,945,2
4341,946,2
4342,946,2
4343,946,2
4344,946,2
4349,948,2
4350,948,2
4351,948,2
4352,948,2
4357,949,2
4358,949,2
4362,951,2
4363,951,2
4364,951,2
4365,951,2
4373,953,2
4374,953,2
4382,957,2
4383,957,2
4387,958,2
4388,958,2
4389,958,2
4392,960,2
4393,960,2
4394,960,2
4398,961,2
4399,961,2
4406,963,2
4407,963,2
4408,963,2
4412,964,2
4413,964,2
4418,966,2
4419,966,2
4420,966,2
4421,966,2
4425,967,2
4426,967,2
4437,970,2
4438,970,2
4439,970,2
4440,970,2
4448,972,2
4449,972,2
4450,972,2
4455,973,2
4456,973,2
4457,973,2
4458,973,2
4463,975,2
4464,975,2
4465,975,2
4468,976,2
4469,976,2
4470,976,2
4471,976,2
4472,977,2
4473,977,2
4474,977,2
4482,979,2
4483,979,2
4484,979,2
4488,980,2
4489,980,2
4493,981,2
4494,981,2
4495,981,2
4499,982,2
4500,982,2
4501,982,2
4502,982,2
4512,985,2
4513,985,2
4514,985,2
4519,986,2
4520,986,2
4523,987,2
4524,987,2
4528,988,2
4529,988,2
4534,989,2
4535,989,2
4536,990,2
4537,990,2
4540,991,2
4541,991,2
4542,991,2
4543,992,2
4544,992,2
4545,992,2
4546,992,2
4551,993,2
4552,993,2
4553,993,2
4561,995,2
4562,995,2
4567,998,2
4568,998,2
4571,999,2
4572,999,2
4573,999,2
4578,1000,2
4579,1000,2
4580,1000,2
4581,1000,2
