[
  {
    "_id": "507f191e810c19729de860ea1",
    "user_id": "507f191e810c19729de860ea",
    "content": "Exploring the city!",
    "createdAt": "2020-05-15T12:00:00Z"
  },
  {
    "_id": "507f191e810c19729de860ea2",
    "user_id": "507f191e810c19729de860ea",
    "content": "Visited the Central Park today!",
    "createdAt": "2021-08-02T08:30:00Z"
  },
  {
    "_id": "507f191e810c19729de860eb1",
    "user_id": "507f191e810c19729de860eb",
    "content": "Trying out new recipes!",
    "createdAt": "2020-06-18T10:00:00Z"
  },
  {
    "_id": "507f191e810c19729de860eb2",
    "user_id": "507f191e810c19729de860eb",
    "content": "Had an amazing burger today!",
    "createdAt": "2022-02-03T11:45:00Z"
  },
  {
    "_id": "507f191e810c19729de860ec1",
    "user_id": "507f191e810c19729de860ec",
    "content": "Learning MongoDB!",
    "createdAt": "2021-03-10T08:00:00Z"
  },
  {
    "_id": "507f191e810c19729de860ec2",
    "user_id": "507f191e810c19729de860ec",
    "content": "Diving into NoSQL databases!",
    "createdAt": "2023-01-20T09:15:00Z"
  },
  {
    "_id": "507f191e810c19729de860ed1",
    "user_id": "507f191e810c19729de860ed",
    "content": "Hiking in the Rockies!",
    "createdAt": "2020-07-25T14:00:00Z"
  },
  {
    "_id": "507f191e810c19729de860ed2",
    "user_id": "507f191e810c19729de860ed",
    "content": "Backpacking through the mountains!",
    "createdAt": "2022-09-15T16:45:00Z"
  },
  {
    "_id": "507f191e810c19729de860ee1",
    "user_id": "507f191e810c19729de860ee",
    "content": "Painting my first canvas.",
    "createdAt": "2021-01-18T15:00:00Z"
  },
  {
    "_id": "507f191e810c19729de860ee2",
    "user_id": "507f191e810c19729de860ee",
    "content": "Finished a new art project today!",
    "createdAt": "2023-04-10T10:30:00Z"
  },
  {
    "_id": "507f191e810c19729de860ef1",
    "user_id": "507f191e810c19729de860ef",
    "content": "Watching a classic film tonight!",
    "createdAt": "2020-08-21T18:00:00Z"
  },
  {
    "_id": "507f191e810c19729de860ef2",
    "user_id": "507f191e810c19729de860ef",
    "content": "Rewatching my favorite thriller!",
    "createdAt": "2022-04-05T12:45:00Z"
  },
  {
    "_id": "507f191e810c19729de860f01",
    "user_id": "507f191e810c19729de860f0",
    "content": "Morning workout complete!",
    "createdAt": "2020-09-15T07:00:00Z"
  },
  {
    "_id": "507f191e810c19729de860f02",
    "user_id": "507f191e810c19729de860f0",
    "content": "Yoga session was amazing today!",
    "createdAt": "2023-07-09T08:00:00Z"
  },
  {
    "_id": "507f191e810c19729de860f11",
    "user_id": "507f191e810c19729de860f1",
    "content": "Jamming with the band.",
    "createdAt": "2020-12-01T13:00:00Z"
  },
  {
    "_id": "507f191e810c19729de860f12",
    "user_id": "507f191e810c19729de860f1",
    "content": "Composing a new song!",
    "createdAt": "2024-03-22T14:00:00Z"
  }
]